trial_id,cos_045,real_045,imag_045,abs_045
s01_r0_t000,-0.7372700026697873,-71.10391817159153,-65.15615685150287,96.44216896674415
s01_r0_t001,0.8680812509474208,47.15642780581318,-26.966939802531584,54.32259682414154
s01_r0_t002,-0.3063604314349451,-13.50999363188292,41.9779194959645,44.098363383953306
s01_r0_t003,0.513046182064221,33.19717659535959,55.541124493103894,64.70602015162079
s01_r0_t004,-0.5534433225348008,-62.33659536246084,-93.81146692417143,112.6341087231043
s01_r0_t005,-0.07857786173280454,-8.225186958600432,-104.35196798834063,104.67562717052904
s01_r0_t006,-0.9972164967710112,-43.86618236818563,-3.2798110332860517,43.98862484748739
s01_r0_t007,0.9974598561120719,176.4041112909327,12.597415838982158,176.8533442323441
s01_r0_t008,0.9392543153799149,56.993696786163824,20.826616846484598,60.67972843234762
s01_r0_t009,-0.8766143974541052,-56.526014935140935,-31.02841095623458,64.482188633116
s01_r0_t010,0.9793384432823983,65.3629160505827,13.497090695624905,66.74190776327454
s01_r0_t011,-0.9645980187548958,-91.39729294698708,24.98835124437329,94.75169051763429
s01_r0_t012,0.8421992247320222,98.3936148004849,-62.990483602962215,116.82938182683861
s01_r0_t013,-0.7861831934161201,-245.6274303010561,-193.07988349621397,312.4302737047288
s01_r0_t014,-0.22931035097894456,-16.14786211621292,68.54281011072365,70.41924643731247
s01_r0_t015,0.9261634535909444,283.3846045617587,115.39071639133249,305.9768807147515
s01_r1_t016,-0.9801093523477203,-341.04063854737177,69.05587763532938,347.9618245968725
s01_r1_t017,-0.108525098115332,-20.623673183650652,-188.91357052641186,190.03597823734228
s01_r1_t018,0.6467614504923801,85.06852513180263,100.31691529548831,131.5299869326471
s01_r1_t019,0.8442191757548442,81.75094678632446,-51.90400187619813,96.83616427360614
s01_r1_t020,-0.18790443923740935,-57.14764540051058,-298.714030500632,304.13142782809376
s01_r1_t021,-0.9008571484661687,-390.1812780221119,-188.02514875041453,433.12225327450454
s01_r1_t022,0.6998300214016061,184.32681256366317,-188.14051087585233,263.3879755465434
s01_r1_t023,-0.9114484323883609,-326.6375993678373,-147.43937887844953,358.372001926555
s01_r1_t024,-0.2103703706099907,-19.84948480827825,-92.24344774774283,94.35494528398938
s01_r1_t025,-0.7264330162472339,-280.08033996730916,-264.96820142995296,385.55563101221543
s01_r1_t026,-0.13303948569247714,-29.744627750570643,221.59000248667155,223.57744090597137
s01_r1_t027,0.9743872626973661,180.07444171482746,41.55895768282866,184.80787732829444
s01_r1_t028,0.9469742362693123,116.97916974864819,39.691173523275324,123.52941111629166
s01_r1_t029,0.40045706536736775,201.68276381056353,-461.48529594154803,503.6314283169049
s01_r1_t030,-0.9331460311181311,-232.5131166678551,89.57643472004486,249.1712003417611
s01_r1_t031,-0.9954857332950173,-444.2120830710121,42.35193406163148,446.2264683600118
s01_r2_t032,-0.1718786291649514,-94.1045238086349,539.3577624699863,547.5056687723699
s01_r2_t033,0.2310810115675974,50.694743266880934,-213.44317737129953,219.3808263300396
s01_r2_t034,0.9148057962017615,277.6990351742482,-122.60631909856968,303.5606424087428
s01_r2_t035,0.5504468954135148,44.4090145911711,67.35574722611665,80.67810893512173
s01_r2_t036,0.5004228578064452,125.80604536737499,217.65692413498957,251.39947827090378
s01_r2_t037,-0.15503391885731505,-21.576369490041635,137.48922138665546,139.17192862743389
s01_r2_t038,0.6877592058062605,116.20699337514517,122.65801067300984,168.96464982815556
s01_r2_t039,0.67226692549,144.8529634756565,-159.513915561241,215.4694184457706
s01_r2_t040,0.1335354474238126,14.512790325014421,-107.7078378564901,108.681182450035
s01_r2_t041,0.8170518735496449,84.26247705618799,-59.46100396541162,103.12989882773716
s01_r2_t042,0.8447954179895316,87.44251820956394,55.38567862476526,103.50733011509718
s01_r2_t043,0.5245999013438946,18.205954275036724,-29.545600449819176,34.70445615486696
s01_r2_t044,0.2256011390376637,18.96803900571095,81.91021704696276,84.07776257966621
s01_r2_t045,-0.9844894071859301,-380.5697735994838,-67.8206324221073,386.56563577185307
s01_r2_t046,0.8448819089706944,33.212092025779725,21.028860185845787,39.30974456091913
s01_r2_t047,0.8014979847542923,433.15884834751904,-323.1797242560528,540.4366031940909
s01_r3_t048,0.9339795520415713,107.71064612077187,41.20846478858405,115.32441570624202
s01_r3_t049,0.15090005382353291,10.414278834655711,68.22413194409827,69.01441431448714
s01_r3_t050,-0.34696389875429434,-82.5461077586409,223.1304720174991,237.90978846792558
s01_r3_t051,-0.33635126446756175,-19.031608878582617,-53.28584894026784,56.582540008313416
s01_r3_t052,-0.8700280235776919,-103.52104472310756,58.6603059377919,118.98587392324762
s01_r3_t053,-0.30989594574824864,-103.21170086875492,-316.65673452430536,333.0527626605396
s01_r3_t054,-0.015878535493974298,-3.0034647445998672,-189.12865693799398,189.1525037519765
s01_r3_t055,-0.22939132525106135,-164.02289042864527,-695.9683489477554,715.0352797741047
s01_r3_t056,0.9606969895112796,347.4054199467389,-100.38488124208607,361.61809992083874
s01_r3_t057,0.9755571530258428,75.49881274488402,17.006231950349743,77.39045581359602
s01_r3_t058,-0.9867849163173001,-585.203681239012,-96.09370377994271,593.0407645700576
s01_r3_t059,-0.9090247310800966,-456.7964910535657,209.41824301695425,502.5127209804329
s01_r3_t060,-0.9733409976629332,-360.6922739325558,-84.99528589559866,370.57133604626307
s01_r3_t061,0.319694058824901,76.62330159645582,-227.09891452254124,239.6769645269606
s01_r3_t062,-0.3372470994521616,-84.25398428803717,-235.19272018104343,249.82864026081438
s01_r3_t063,0.9721497424217116,349.43928069498384,84.24092151397016,359.4500573795344
s01_r4_t064,-0.902511091301998,-247.51511753682476,-118.11101042309525,274.2516074564244
s01_r4_t065,0.6387935616822114,194.70030652318866,-234.50168673901345,304.79378347280317
s01_r4_t066,0.715278683537713,23.510517910116363,-22.970172172657485,32.86903196085079
s01_r4_t067,-0.5742403280043142,-131.91997645611636,-188.07655198080496,229.7295575087601
s01_r4_t068,0.6703959662395562,42.849904713866636,47.42686776973706,63.917306892856296
s01_r4_t069,0.8546705751936181,72.22703586943942,43.87440180375597,84.50862585631548
s01_r4_t070,0.02014022702302358,5.864587372586357,-291.1286860191025,291.18774906966786
s01_r4_t071,-0.45389423217576985,-191.75274054030646,-376.4364803615425,422.4612849146109
s01_r4_t072,0.8454581839092242,209.4518893139783,-132.30225912428247,247.73772766089508
s01_r4_t073,-0.023946827460957172,-5.952556185509891,-248.50261280590712,248.57389544460264
s01_r4_t074,-0.7660813010897286,-159.26953703652953,133.6274471672786,207.90161149994552
s01_r4_t075,-0.5032334218779125,-32.09497795141702,-55.11337426215158,63.77751666741139
s01_r4_t076,-0.5862350838953686,-154.91839551342372,-214.08773718849946,264.2598503044789
s01_r4_t077,0.3577037599153094,42.454168952963144,-110.83247688931638,118.68527454957328
s01_r4_t078,0.6364865170964621,259.1824349801405,-314.0746142311559,407.2080523598277
s01_r4_t079,-0.9835765403082294,-207.35533057653444,-38.05080498132941,210.81768635062627
s01_r5_t080,-0.5163576936078071,-30.75550063760673,-51.00762704043177,59.56239447642794
s01_r5_t081,0.6358838624175934,4.869057566139038,-5.909670995140296,7.657149133533858
s01_r5_t082,0.4034296968216601,15.155279104209399,34.373378587178706,37.56609695222544
s01_r5_t083,-0.2990431316011711,-23.738467593096424,-75.74889144026554,79.38141720892632
s01_r5_t084,0.6379848722408014,107.25111793918668,-129.452293614474,168.10918660576917
s01_r5_t085,0.8017457625935654,73.16940621637949,54.544485724038225,91.26260421967676
s01_r5_t086,-0.9451840961841327,-138.6731482365392,-47.90817358183544,146.71549044930615
s01_r5_t087,0.11723869176362672,20.09468659186843,170.21777215159193,171.39978525504833
s01_r5_t088,-0.7506096514615894,-37.59997792983693,33.09847055838125,50.09258521606022
s01_r5_t089,0.7306777107894757,178.39817216546288,-166.68970952226684,244.1543919174829
s01_r5_t090,-0.672915229147401,-86.37479075273541,94.94974010255595,128.35909637856503
s01_r5_t091,0.0025811718017913067,0.42379140622833233,164.1851170804673,164.18566402059207
s01_r5_t092,-0.5291088669810304,-93.55376383842261,-150.03607167027388,176.81382731727433
s01_r5_t093,0.7271484986968637,237.442801006575,-224.1629888504299,326.5396290195203
s01_r5_t094,0.7786227805119386,104.13080623779541,83.91904142671785,133.73716881148815
s02_r0_t000,0.1074367226400277,35.65955107920749,-329.9909940537924,331.91212653318445
s02_r0_t001,0.5940775042611597,104.97433947841007,-142.14000284155034,176.7014214903899
s02_r0_t002,-0.9112504029064108,-426.057959790514,-192.56304289937415,467.5531099153566
s02_r0_t003,0.6725389727229909,226.8356099522322,-249.60984495827125,337.28247603825116
s02_r0_t004,-0.7369311095985849,-593.5429902071781,544.4416393194806,805.4253409528172
s02_r0_t005,-0.0639440614736351,-46.9297724908062,-732.4171924557652,733.9191694940419
s02_r0_t006,-0.9985525051441552,-567.9274353534393,-30.590617177964376,568.7506990645934
s02_r0_t007,-0.9148016172112423,-481.0114797937565,212.3763174870999,525.8096080548175
s02_r0_t008,0.24198155824527265,75.02353757189493,-300.8241712304549,310.0382447155376
s02_r0_t009,-0.913053135706483,-425.275824643381,189.96129495554175,465.7733575541801
s02_r0_t010,-0.6044672902864942,-88.8174272464641,117.05285753624419,146.93504292741477
s02_r0_t011,-0.9990032216545203,-1014.524117121947,45.33165042212171,1015.5363817963686
s02_r0_t012,-0.8712061874570726,-527.5711917231573,-297.28188327841156,605.5641010345242
s02_r0_t013,0.7476848570428097,290.2127849602725,-257.75148465657946,388.1485390891846
s02_r0_t014,0.31649899085321803,230.0661793436382,689.5413201856861,726.9096774161134
s02_r0_t015,-0.8417715168410662,-34.075018948456886,-21.85254826769865,40.480128237566085
s02_r1_t016,0.43903306059900193,161.29745536798842,-330.09147627999016,367.3925037625176
s02_r1_t017,-0.15762707346130628,-67.3922055637999,-422.1972451497705,427.54207182780135
s02_r1_t018,0.652224198512512,442.4935451939739,-514.273565539951,678.4377921014614
s02_r1_t019,0.5448311677478072,361.86780941795473,-556.9481644021205,664.1833853114971
s02_r1_t020,0.8264792422024291,952.4055998382557,-648.7435876117198,1152.3648159635006
s02_r1_t021,0.33978149756608167,341.2819977554867,-944.6577408965225,1004.4160738596817
s02_r1_t022,0.37835035766741515,151.76194061515216,-371.2969469457431,401.11483322174337
s02_r1_t023,-0.8163324890808571,-360.52156915901355,255.08094501033543,441.6356986660421
s02_r1_t024,-0.6705103762093164,-138.60373364816542,-153.36098395586603,206.713778885499
s02_r1_t025,0.5328787929775405,283.61949478136137,450.37714372265685,532.240161400672
s02_r1_t026,-0.9428909192392578,-442.8644929397809,-156.45383125484187,469.6879394035234
s02_r1_t027,0.6045510366043226,247.3781761908916,-325.94956186033704,409.19320489528843
s02_r1_t028,-0.646244638075615,-127.74995494178756,-150.8559712255347,197.6804872566539
s02_r1_t029,0.707590653191064,246.93625666166295,246.59841598826426,348.9817955452629
s02_r1_t030,-0.051967872488006786,-10.455728955619122,200.9241523099111,201.1960169820708
s02_r1_t031,-0.9439846431976874,-163.2752899115617,57.07625933591913,172.96392593684274
s02_r2_t032,0.8582922636845212,575.6366543631196,-344.16526120949914,670.6767364906647
s02_r2_t033,0.8052593103371677,157.5992504657961,116.04235701490504,195.71242262297866
s02_r2_t034,0.5856555095925197,97.4587369627523,-134.88502913526855,166.40966466884424
s02_r2_t035,0.8907415991530396,260.34250893092957,132.84244500916486,292.27613168451535
s02_r2_t036,0.5055486434523014,251.74592007930937,-429.6439234276089,497.9657711277423
s02_r2_t037,0.375917057909529,84.88870007828916,-209.25465777549556,225.8176326191591
s02_r2_t038,-0.5856971218595789,-232.96126032506749,322.38862607033093,397.7503928744251
s02_r2_t039,0.5784349582780796,310.41126793321723,437.7524506198712,536.6398823080617
s02_r2_t040,-0.24003516596633193,-147.21739675857057,-595.3851671556807,613.3159537932861
s02_r2_t041,-0.9913980897626491,-283.52069873295454,37.42942789343172,285.98067886214335
s02_r2_t042,0.9825319587841209,277.4577603172985,-52.551170429887044,282.39057044073286
s02_r2_t043,-0.7132113022781874,-134.77196577329119,132.45483852129428,188.9649888368195
s02_r2_t044,-0.7720670601498603,-62.1367633867511,-51.14900929319619,80.48104445058203
s02_r2_t045,0.9600585120728052,650.5514332552266,189.5966123912579,677.6164422006526
s02_r2_t046,-0.8144224535855529,-66.30774781848855,47.24397799199676,81.41689552708668
s02_r2_t047,0.6515722257780101,559.4076174219266,-651.2848576570489,858.5504343036808
s02_r3_t048,-0.6746336231507479,-206.7050946843493,226.16710426174663,306.39607572325326
s02_r3_t049,0.8526753555969757,89.60158091833148,-54.89961823077252,105.08287864799325
s02_r3_t050,-0.8938017853237612,-151.3534330572716,-75.94110761935328,169.33668688348723
s02_r3_t051,0.9803474886354769,348.66090722974377,70.16215896298485,355.65032936947375
s02_r3_t052,0.9975458881934772,545.9254259079979,38.317396551221776,547.2684839558117
s02_r3_t053,0.3087814578950103,65.43276068209087,-201.5511531633972,211.90637912053276
s02_r3_t054,0.47160259523164944,236.86443546241512,-442.89347460640977,502.2543087280259
s02_r3_t055,0.1930973340330249,37.729000714841646,191.71122298733303,195.3885117253301
s02_r3_t056,-0.9600844520694138,-319.64555688534404,93.12529788357249,332.93483317677317
s02_r3_t057,0.9931217712876196,484.34784813144995,-57.10315378872497,487.7023766214236
s02_r3_t058,0.809198756850905,231.44824609731302,168.0476437584553,286.02150477593653
s02_r3_t059,-0.949345774949832,-459.6190539786347,-152.13385874899373,484.1429393867827
s02_r3_t060,0.6409079409010328,221.63666664002187,-265.4550344533903,345.8166961208652
s02_r3_t061,0.5860535140018174,42.12686494054809,58.244226805808836,71.88228367216557
s02_r3_t062,-0.10384931375263204,-33.76884810314057,-323.4134166160371,325.17160569378035
s02_r3_t063,0.9893056665626312,256.3218049957876,-37.790503329130274,259.0926279502517
s02_r4_t064,0.37483625601840465,67.28221533662673,-166.41063246727253,179.49761864370757
s02_r4_t065,0.27410949021924985,49.83630349907663,174.84800627678376,181.81166751729188
s02_r4_t066,-0.9992158837734576,-165.640603597444,-6.563379900884776,165.77058700459773
s02_r4_t067,0.5249787173688576,237.11088792089913,-384.4131403849573,451.6580959877306
s02_r4_t068,-0.03915102102674319,-23.885642308209754,-609.6221420679166,610.0898950219967
s02_r4_t069,0.8664567102601115,193.94858528796698,-111.75314207339008,223.8410563289923
s02_r4_t070,0.8323240493217159,391.8963152403284,-260.9848311902498,470.8458389009613
s02_r4_t071,0.9972691550476578,493.74327969089825,-36.56416245248856,495.0953082142635
s02_r4_t072,0.27609702188780294,111.6651699647461,388.7210313801675,404.44177630471955
s02_r4_t073,0.4415368491920255,76.14919036979586,-154.74209466556397,172.4639529161435
s02_r4_t074,0.775020776501916,151.3380219174632,-123.39786202643916,195.26963212590607
s02_r4_t075,-0.22634681683762795,-106.79871078171942,459.5909109251502,471.83659250809137
s02_r4_t076,0.04800923629121265,17.144799956262062,-356.7028236552294,357.1146154516137
s02_r4_t077,-0.6804409062360881,-238.71342086165598,257.0831632418342,350.82167852329434
s02_r4_t078,0.5527100578391355,313.2351460548842,-472.2944772750211,566.7259743372541
s02_r4_t079,-0.6305472091291492,-202.85866710430156,249.70205947793409,321.71844418195167
s02_r5_t080,0.9847213489128378,171.78744373882557,30.378780848005384,174.45284793356427
s02_r5_t081,0.6259027149967775,213.9139989774415,-266.5458514624079,341.76876669810076
s02_r5_t082,0.6070862261272573,208.46785548997926,272.87071921392214,343.3908504560278
s02_r5_t083,0.30823577581895856,18.54004882142638,57.22026816632352,60.148919352943075
s02_r5_t084,0.06740419631541257,10.79071415914568,159.7255657270711,160.08964944335813
s02_r5_t085,0.9166920805867801,245.28555266011608,-106.9221807427861,267.57682089181714
s02_r5_t086,-0.3757477311305087,-89.83425451479883,-221.56189382729946,239.08129596555472
s02_r5_t087,-0.8828361129558846,-249.01059901016882,132.47712317613315,282.05755899182606
s02_r5_t088,0.33480402699802925,78.76678064263002,221.6848335649197,235.26234540510376
s02_r5_t089,-0.5915685731821154,-186.2344847103234,253.82083045346218,314.8147030673835
s02_r5_t090,0.979607973150667,145.31838099404462,29.80492502987086,148.34340366449237
s02_r5_t091,-0.9598691682987989,-411.36862526480576,120.19094338024269,428.5673911100667
s02_r5_t092,-0.487810765890879,-83.94137440143933,150.21516051990582,172.0777405314926
s02_r5_t093,-0.5671282133896135,-298.3483570838821,433.28564678178844,526.0686208868234
s02_r5_t094,0.9675797013393875,315.91532188169015,-82.46290181580162,326.50056780271365
s03_r0_t000,0.3256484740611931,36.252859744275405,-105.25690209006953,111.32513317861599
s03_r0_t001,-0.13435393396889458,-19.826620221328298,146.23211824197438,147.57007581124148
s03_r0_t002,-0.9243941142929355,-428.0073533334334,-176.61145623991823,463.01393173712927
s03_r0_t003,-0.9318951936259885,-367.42121439498976,-143.01375796386293,394.2731080792036
s03_r0_t004,-0.9538629162008685,-99.32441984872719,-31.263830503346995,104.12861026647884
s03_r0_t005,-0.6672908730580571,-188.03169593145265,-209.8717201487746,281.7837071107267
s03_r0_t006,-0.45201789120301306,-68.6342327233018,135.4423035866462,151.83963745469623
s03_r0_t007,0.8947575464930287,289.34437102354894,-144.404914180117,323.3774022444675
s03_r0_t008,-0.3873564721280943,-23.01236515192538,54.770713316630655,59.40875345517773
s03_r0_t009,0.09185885005379801,11.839365360588737,-128.3415693410054,128.88649655046726
s03_r0_t010,-0.502692609191939,-44.33030570917419,-76.23348223961047,88.18571210035017
s03_r0_t011,0.8311583603401367,288.8164117403802,-193.2149927225941,347.4866229128553
s03_r0_t012,0.9734890383867439,53.68229517588199,-12.6133402086652,55.14422151567699
s03_r0_t013,-0.9996126801454711,-204.48106001221848,-5.6928422865375055,204.5602902740898
s03_r0_t014,-0.7986339641003827,-13.82799099136028,-10.420194308413187,17.31455411733804
s03_r0_t015,0.8609696389601272,22.3587240878244,-13.209416958766326,25.969236400518255
s03_r1_t016,0.9370157839580131,158.85511229539026,59.21568168077529,169.53301642836405
s03_r1_t017,-0.5220187643468537,-118.85581926302561,-194.20024022636068,227.68495575391273
s03_r1_t018,-0.9986378624963834,-128.79292048496328,6.729169903407765,128.9685934428805
s03_r1_t019,0.35494168199834186,17.223100613510937,45.36429094377854,48.52374766621915
s03_r1_t020,0.565938808307429,97.16213084568469,-141.54366203576978,171.6831032250121
s03_r1_t021,-0.3184401228767163,-11.337833151947656,33.750832704990074,35.604285821536024
s03_r1_t022,-0.33762327280860577,-31.33985957999485,87.37438087895808,92.82493863437256
s03_r1_t023,0.4251738779729069,76.38584673404591,162.61046715381218,179.6579016054072
s03_r1_t024,-0.8729648593445155,-159.88458148647527,89.33807156625085,183.15122284135018
s03_r1_t025,0.8841748255724732,194.9578911745242,-103.00652898977359,220.49699396077648
s03_r1_t026,0.9240987628499214,371.2411545924334,-153.52384310927712,401.73320159798214
s03_r1_t027,0.42455724712194615,62.208167478450285,132.6637181962109,146.524804134558
s03_r1_t028,-0.47937828878704575,-64.0434791645458,-117.24580537155316,133.5969539350495
s03_r1_t029,0.12052373854041243,19.476023628855266,160.4169628803106,161.59491785367098
s03_r1_t030,-0.7345752469718752,-408.4035862534479,-377.2424358904274,555.9724316018022
s03_r1_t031,-0.7965759067753502,-133.63020218450558,101.41482343877806,167.75576696194491
s03_r2_t032,0.6075816341118654,131.45518355399986,-171.84395472855437,216.35805984516784
s03_r2_t033,0.999993661295548,436.53369974658796,-1.5543008701314065,436.53646682223365
s03_r2_t034,-0.33213159143383786,-195.82801518174102,-556.1393821272335,589.6097216658501
s03_r2_t035,-0.13886466758155397,-25.27851614398351,-180.27337205705595,182.03706230123404
s03_r2_t036,0.8841322452574294,513.6091061794511,-271.4266407789686,580.9188715087589
s03_r2_t037,0.9753977486110061,353.94878825673675,-79.99694171001462,362.876363781616
s03_r2_t038,-0.66943907463618,-351.2303078191739,-389.7552475178197,524.6635894536885
s03_r2_t039,0.9290911718982935,322.15857624235315,128.24424777772515,346.74592331356206
s03_r2_t040,-0.9990060112667165,-336.88613930911515,15.031863464134403,337.2213335152522
s03_r2_t041,-0.6373932864306567,-33.2977118899034,-40.253285120625634,52.24044965451001
s03_r2_t042,-0.9997582416715758,-258.19550034009904,5.678493672167548,258.2579363470926
s03_r2_t043,-0.016822134958947837,-3.1936970834752856,189.82401320332832,189.85087750568437
s03_r2_t044,0.9480679869043318,93.59632332758424,-31.400671868284768,98.72321882020147
s03_r2_t045,0.8298760390634999,287.7859627731494,193.48618396557399,346.781867684613
s03_r2_t046,-0.5567800419445978,-67.65572883631953,100.93556057409748,121.51248920494098
s03_r2_t047,-0.5344204858811802,-48.01336501452087,-75.9360797093664,89.84192463235001
s03_r3_t048,-0.5312593085637678,-345.81398777588777,-551.4761085487261,650.9325713478379
s03_r3_t049,-0.952314324050191,-190.54003525375197,61.048467516685896,200.08103463506203
s03_r3_t050,0.7738949757011819,173.2283302156277,-141.76073305354254,223.83958502725184
s03_r3_t051,0.8205434965335773,96.49135983091875,-67.21511558618411,117.59444836081309
s03_r3_t052,0.03763320298619285,7.766151640468273,206.2181701013655,206.36435445894836
s03_r3_t053,0.7675274811801006,111.80860819835488,-93.3792120873962,145.67375232798855
s03_r3_t054,-0.5936585384926785,-79.17574505165709,107.32444377816398,133.36916748925623
s03_r3_t055,0.7146126418283796,125.3626672486116,122.71507164013794,175.42744126085378
s03_r3_t056,0.5017969790952405,25.428871588683705,43.8336704035068,50.67561712813208
s03_r3_t057,0.847031186616917,353.7483482771048,221.99008783719142,417.63320390833843
s03_r3_t058,0.7734834553390265,147.6807241501477,121.01419588136103,190.92938980242
s03_r3_t059,0.801667793296311,97.99906575685714,73.073764082608,122.24398507254848
s03_r3_t060,0.6146644795914936,169.8837445387149,-218.00897661828682,276.38451574689935
s03_r3_t061,0.5700813202312764,92.0064224889635,132.59756978974292,161.391751007799
s03_r3_t062,-0.36707391722628724,-141.100090942504,-357.55780501969775,384.3914926146091
s03_r3_t063,0.9965090850136454,450.23607668107616,37.719359596322846,451.8133185658925
s03_r4_t064,0.008520401173818819,2.6364314110019826,309.4145048649834,309.42573679548343
s03_r4_t065,0.3928371515819071,84.11433974799519,196.90659080532055,214.1201243550337
s03_r4_t066,0.12581839518691706,38.659333705072314,-304.8212398383273,307.2629693586509
s03_r4_t067,-0.8027751689910837,-408.85612291475456,-303.68836641373395,509.3033998904064
s03_r4_t068,0.5183805327523908,261.8245111317257,431.9206296791819,505.0816814851121
s03_r4_t069,-0.3385536874531131,-258.8713449133473,719.4848090704768,764.6389760536836
s03_r4_t070,0.332718011983226,177.4849221898409,-503.04749046334086,533.4394766664714
s03_r4_t071,-0.39072032529413087,-55.81506084472417,-131.49633388205638,142.85169527002998
s03_r4_t072,0.38045421953476544,108.96689738030436,264.87433921238403,286.4126399059351
s03_r4_t073,-0.03146719120332649,-5.9678517949013,189.55922657801102,189.65314559980183
s03_r4_t074,-0.7452269083863029,-91.03854238411006,81.45907919887063,122.16217820320362
s03_r4_t075,-0.6831549963167054,-225.68200824797773,241.2476967380175,330.3525692774899
s03_r4_t076,-0.8243041804190604,-302.38335046472264,207.68240923588905,366.83466813306313
s03_r4_t077,0.9754821980808092,289.17319360116403,-65.24030900045338,296.44128223979016
s03_r4_t078,0.44751744436375346,98.85344029184978,197.53907116488654,220.89293174345897
s03_r4_t079,-0.7944190049375567,-160.93845486153873,123.0448990263751,202.58636042347564
s04_r0_t000,-0.9386253907896477,-100.74062952768116,37.021471817811104,107.32783335738446
s04_r0_t001,0.17230498794008767,11.53243011689537,65.92929887907093,66.93033239934596
s04_r0_t002,0.84239597441463,111.48310452536994,-71.31286958664765,132.34050008707376
s04_r0_t003,-0.7936416990855947,-275.8230685254735,-211.4389167522389,347.5410488678542
s04_r0_t004,0.3198311578318821,86.07019821378918,-254.97616685700595,269.11136112333253
s04_r0_t005,-0.8034556472690706,-157.31800777222466,116.57342280711006,195.8017325622707
s04_r0_t006,-0.09743118846172649,-16.253081682601163,166.02233906588418,166.81600562622498
s04_r0_t007,0.9741936840106774,433.7027616334135,100.48581573503489,445.19151453322297
s04_r0_t008,0.22295329531643124,58.047022699804074,-253.801714034328,260.3550784814354
s04_r0_t009,0.3219175121492451,161.61567092451594,-475.31586347543305,502.0406309849611
s04_r0_t010,-0.531104002732287,-51.94220551102825,-82.86696255269715,97.80044067416058
s04_r0_t011,-0.9998285443963641,-565.7123393615818,10.477130263862762,565.8093505453224
s04_r0_t012,0.7724490571643775,245.4753437726541,-201.82001309358105,317.7883919928416
s04_r0_t013,-0.027962071752088327,-5.479760969355112,195.89457992335264,195.9712076393572
s04_r0_t014,0.9931560949624977,444.65446110140493,-52.291100878679686,447.71860471560154
s04_r0_t015,0.9990963088747815,306.0036424549735,13.018055203225458,306.2804253571969
s04_r1_t016,0.8769786228656409,237.58895198186852,130.1838736823347,270.9176093774281
s04_r1_t017,0.8746954396938802,109.09508461967788,-60.45011356828343,124.7235090854689
s04_r1_t018,0.5388909513685265,273.04509926620574,-426.81457367435314,506.6796882983488
s04_r1_t019,0.8825144274985776,559.3580457625363,298.0777097379374,633.823117598197
s04_r1_t020,-0.855461519572247,-222.75740448533492,-134.8495148573025,260.3944179706872
s04_r1_t021,-0.32499562195816895,-85.74230894053264,249.5043835966108,263.8260430214926
s04_r1_t022,0.8297049714057704,129.5123457061768,-87.1322634610292,156.0944554625771
s04_r1_t023,0.09119516205152228,36.780012308016765,401.6304223050271,403.3110033538538
s04_r1_t024,-0.48269174272742166,-274.1401974073861,497.39680519502076,567.9405159457934
s04_r1_t025,-0.7749315445002948,-252.10512046784768,205.62051672298475,325.32566554690277
s04_r1_t026,-0.24577974481509351,-77.47473380789143,-305.55101605834744,315.22017351827617
s04_r1_t027,0.24023116615743437,59.78706903294773,241.58500333726056,248.87307500212765
s04_r1_t028,-0.3266596190028099,-31.864375653173134,92.19493182454528,97.54611160830085
s04_r1_t029,0.16759306436017393,47.96539046736217,282.15356417914916,286.20152421271933
s04_r1_t030,0.8989046896636738,150.9194135079465,-73.56115694192596,167.89256441015252
s04_r1_t031,-0.9384482855259663,-210.92318826094885,-77.6356456239406,224.75739101887117
s04_r2_t032,0.8867292950807443,183.1545136674281,95.48610259251313,206.55065157258656
s04_r2_t033,0.15726520615302586,9.348423452221539,-58.703992393555836,59.44368548453828
s04_r2_t034,-0.16207416197661964,-84.30965773466447,513.3141725255869,520.1918474014795
s04_r2_t035,0.933229609044788,205.16182156036118,-78.98447132018502,219.8406689757257
s04_r2_t036,-0.1655920110913363,-145.12034105368406,-864.2739388827348,876.3728400740262
s04_r2_t037,-0.5810480630271065,-184.3112022424857,-258.1631858279704,317.20474427239833
s04_r2_t038,0.5720181060215713,135.93856331957173,-194.9280642915349,237.6473085179674
s04_r2_t039,0.2924283726116059,7.6794949613939,-25.113173619843167,26.261114449361457
s04_r2_t040,0.2667280191475846,32.94958144297442,-119.05715383118525,123.53250906400999
s04_r2_t041,0.3931254372833421,272.41417815809757,637.1521304942278,692.9446744545232
s04_r2_t042,0.4377376759594471,158.8455006072202,-326.2648654438844,362.8782929389334
s04_r2_t043,0.7899143459060182,815.9234999435059,-633.408319722462,1032.9265497864274
s04_r2_t044,-0.1272862474648739,-76.98158542509938,599.8717115260401,604.7910670502191
s04_r2_t045,0.9137588711345006,624.5492909979436,277.6744613913746,683.4946403557412
s04_r2_t046,0.5682018537860597,170.65901595818798,247.15417950976754,300.3492769709351
s04_r2_t047,-0.8907834788293045,-378.07792716526217,-192.87424477452169,424.43302570243446
s04_r3_t048,0.9824376722876558,151.21983608530167,28.720669864911827,153.92308372415994
s04_r3_t049,-0.8031488343730756,-277.4888990798899,205.84217569653174,345.5012162179044
s04_r3_t050,0.126505510014465,145.74121099254555,-1142.7985404481442,1152.0542542050623
s04_r3_t051,0.5182587370783415,90.75889675628524,149.7691598627639,175.12275290897003
s04_r3_t052,0.24314058287190243,195.49967516299282,-779.9312436845039,804.0602389523392
s04_r3_t053,-0.21206938925531854,-170.52600279767873,-785.8150724346351,804.1047479623564
s04_r3_t054,0.174579786936714,76.2062084694332,-429.8087045785444,436.5122091543066
s04_r3_t055,0.10546918374836176,24.935585335003566,235.10667302602883,236.42531826639737
s04_r3_t056,0.6706997766661774,164.0983026434876,181.47681438027982,244.66729877138914
s04_r3_t057,-0.9620895849080501,-38.43181325083809,-10.894669203615024,39.94618989094569
s04_r3_t058,0.8679407557927044,280.26652478938,-160.3788515177235,322.9097411532519
s04_r3_t059,-0.3758778733021078,-174.93924385117748,431.28585738672473,465.4151155914728
s04_r3_t060,0.06383134270918132,18.76947638518854,-293.44831247258355,294.04796434728325
s04_r3_t061,0.510361662502629,52.833106222839376,-89.02383222934856,103.52091488174275
s04_r3_t062,0.9046390006357451,296.12868830278785,-139.50729219957276,327.34459612583595
s04_r3_t063,-0.8253291958573157,-367.1127909684401,251.16149993973852,444.80771165146956
s04_r4_t064,0.15283356092838382,39.635120007746764,-256.28850179870983,259.3351863751924
s04_r4_t065,0.04566706997712954,10.589876003360615,-231.65111646829837,231.89304697376264
s04_r4_t066,-0.3090456518613305,-64.34523024266615,198.01395351305388,208.20623055242984
s04_r4_t067,0.2063294847401512,58.121628030783256,275.6319590318313,281.6932737654093
s04_r4_t068,-0.47393972091104763,-67.10628539904184,-124.68026249886265,141.5924482338057
s04_r4_t069,-0.10943233769510159,-22.59074343869659,-205.1959182357799,206.43572014004232
s04_r4_t070,0.5017416118370409,332.127120247777,-572.5970893206326,661.9485257197434
s04_r4_t071,0.9913968939571447,294.90994611506403,-38.93573851564682,297.46910436438407
s04_r4_t072,-0.23729309848171432,-118.31116718853703,-484.3460530357056,498.58663376867673
s04_r4_t073,0.6299897226154902,412.8795446634875,-508.96653629325067,655.3750479442116
s04_r4_t074,-0.035940279819475555,-21.537730523511314,-598.8772472977998,599.2644083934015
s04_r4_t075,0.09452577960457667,5.937464342741009,62.53192368143891,62.81317506799526
s04_r4_t076,-0.972022719374829,-497.04768101774687,-120.11032512385707,511.35397466576757
s04_r4_t077,-0.4355781542494009,-116.8836180456858,241.54768741387954,268.34132268892733
s04_r4_t078,0.09364514764991351,69.34068654827416,-737.2082825370138,740.4621412686536
s04_r4_t079,0.36896636525763193,84.26052566751454,212.25602622866657,228.36912413054063
s04_r5_t080,0.9291007999189268,102.62431643344208,40.849389617888704,110.45552478525157
s04_r5_t081,0.9868925276206785,558.5621269985896,-91.33732503660474,565.9807034361073
s04_r5_t082,-0.899597358593672,-70.07232894910321,34.017447894915975,77.89299099171023
s04_r5_t083,-0.8549035704345126,-50.50750121282857,30.649809779383645,59.07976403368823
s04_r5_t084,0.00780775053340843,3.329061370676385,-426.3660683679865,426.3790648064047
s04_r5_t085,-0.3075912241360068,-52.60682065893072,162.73665896133866,171.02835364272192
s04_r5_t086,-0.2647513433989356,-151.66344837368547,-552.4111658576644,572.8524223016095
s04_r5_t087,-0.36163432215679686,-64.27537014910541,165.70665619905694,177.73581270097753
s04_r5_t088,-0.7216573767599637,-83.14744739190745,79.75925477449347,115.2173456124232
s04_r5_t089,0.5491425356438531,139.54409515324386,-212.36928295126205,254.11270498220034
s04_r5_t090,0.8098372473097916,650.6676022192887,471.3504478630259,803.4547736359985
s04_r5_t091,-0.230756083705109,-42.42208239641502,-178.8779685805796,183.83949716631366
s04_r5_t092,0.5216444988924817,120.65741735552389,-197.33829873369288,231.30200282317765
s04_r5_t093,0.34144297037781063,10.648508955116334,-29.31253823095738,31.186786312612117
s04_r5_t094,-0.494761530931822,-32.86357081031086,-57.72354396083746,66.42305182542466
s05_r0_t000,0.8827981603161358,405.43222843496176,215.73765114776285,459.2581256510252
s05_r0_t001,0.8662989517505569,132.11184987186465,76.17842635386035,152.5014541514822
s05_r0_t002,-0.4523930302409278,-155.28776362718432,-306.12436110344856,343.25852355524523
s05_r0_t003,0.71516984702988,521.3967580608406,509.57214407985225,729.0530497422616
s05_r0_t004,0.7450542876290726,346.7550041994454,-310.4296150203717,465.4090446253205
s05_r0_t005,0.8896850568274272,481.0667473314664,246.87716939716898,540.7157776111544
s05_r0_t006,0.7079774123576986,651.3565624948998,649.7535710277431,920.0244967219496
s05_r0_t007,-0.9787093343447472,-576.0116842649243,-120.79895683005427,588.5421381523537
s05_r0_t008,-0.15624026822576764,-17.20138476899406,-108.74364279258187,110.0957196523626
s05_r0_t009,0.9999896245960065,346.6367299210701,-1.5790484817487425,346.64032645449754
s05_r0_t010,0.9981032745551169,649.7103801316118,40.07333859087646,650.9450441600908
s05_r0_t011,-0.7359331038011001,-154.05834612951736,-141.7327995068687,209.33743207610152
s05_r0_t012,0.6294226181321693,533.7299324035245,658.9243227522285,847.967513444916
s05_r0_t013,0.5145511197707624,142.71208168584388,237.81866313015638,277.35258209023726
s05_r0_t014,0.619146240548678,223.5292836156455,283.5067134008928,361.02824983247456
s05_r0_t015,0.9136436322530603,531.8804373139216,236.6545731778824,582.1530611473705
s05_r1_t016,0.7840315207438012,345.7138924025245,273.70312468953625,440.9438692905482
s05_r1_t017,0.9380955682482476,656.6872771526532,242.4711000974255,700.0217242033431
s05_r1_t018,0.7854374093975713,503.2318308013488,396.55719906303204,640.7026515165943
s05_r1_t019,0.9116690858998044,984.3444872872084,443.6828132522838,1079.7168649364417
s05_r1_t020,0.7395921998252823,402.840694534412,366.59938672879184,544.6794796234697
s05_r1_t021,0.9866321704139402,499.29362940284466,-82.4688493235241,506.05853364113057
s05_r1_t022,0.9328837278433011,695.1709345027489,268.39898312477175,745.184971882711
s05_r1_t023,0.9695556981944062,198.00570657567303,50.00829946767507,204.2231374065637
s05_r1_t024,0.9918758160256389,296.68449789778606,-38.05034135854473,299.1145596094633
s05_r1_t025,0.7997130814926501,659.3653157346798,-495.01667349964396,824.5023508981325
s05_r1_t026,-0.978280727390641,-640.882724782651,-135.79433905806616,655.1112649352416
s05_r1_t027,0.4400289910634874,126.75127000323337,-258.6660422395137,288.0520887882718
s05_r1_t028,0.9783151783788671,343.70478318972596,72.76666198210167,351.32316331764116
s05_r1_t029,-0.41199379026412586,-246.829830010956,-545.9015451379163,599.1105590516678
s05_r1_t030,0.5996644784467702,415.67737893569836,-554.7209664084031,693.1832614337459
s05_r1_t031,-0.4825601400537387,-112.56411383259409,204.3076417437547,233.26442548706737
s05_r2_t032,-0.5176150292940004,-223.03266986574522,368.6712733608945,430.8852279076017
s05_r2_t033,0.9837740570192168,222.2516315073155,40.53224583404548,225.9173536052843
s05_r2_t034,0.27059166916447036,53.20188863433859,-189.27837094974544,196.6131802897507
s05_r2_t035,-0.2808830739595369,-62.33412978992797,212.98785041113436,221.9219866516685
s05_r2_t036,0.925230193282801,152.67499015502534,-62.60695259196632,165.01297867649623
s05_r2_t037,0.8552508323515906,393.039771976967,238.15096670269142,459.56081784365887
s05_r2_t038,-0.8141615491491894,-278.58052422133125,-198.6762392570002,342.16860832159415
s05_r2_t039,0.6728354038091329,217.5724077258334,239.2239947987018,323.36646748088395
s05_r2_t040,0.9848990357230583,464.533260327653,81.65760780225088,471.65571645282245
s05_r2_t041,0.759502952337182,351.81773367457214,301.3270604336177,463.2210218432204
s05_r2_t042,0.9999947000002353,412.99508442835304,1.3446198923160892,412.9972733138044
s05_r2_t043,0.7918976481480836,520.737791445674,401.5550921393244,657.5821921727653
s05_r2_t044,-0.8257288532368727,-291.39066199375884,-199.05314962821868,352.88903960604245
s05_r2_t045,0.9060993076862687,388.0263813482281,-181.17264050285968,428.23824944647225
s05_r2_t046,0.6226170950103758,157.11293122706874,197.46495274898624,252.3427841705029
s05_r2_t047,0.9988304203652402,489.7657054992307,23.708249270181085,490.3391962372743
s05_r3_t048,0.9405137856005407,102.01546782605186,36.85253710197429,108.46780705177281
s05_r3_t049,0.9709655427729703,570.8624994449976,-140.64492582111245,587.932809453441
s05_r3_t050,0.7698680460781566,222.5792044625644,184.51309688276712,289.11344690355975
s05_r3_t051,0.7508500539119521,431.8986547918364,379.912436769888,575.212923727755
s05_r3_t052,0.45984854023249117,78.86301647736633,-152.28960123158396,171.49780759876847
s05_r3_t053,0.8794909475262411,719.6936263367252,389.44509459787304,818.3070313128514
s05_r3_t054,0.9989249202937573,660.5025375186849,30.652098741479108,661.2133946207375
s05_r3_t055,0.7901557529456652,721.7662254489323,559.8578760189474,913.4480420578097
s05_r3_t056,0.9635643670554055,354.27643104073076,98.34386218829258,367.67282306565374
s05_r3_t057,0.5373215656802398,57.70211909180743,90.56898061453887,107.38842953149957
s05_r3_t058,0.02601688527093648,9.895471129426113,-380.2192862276629,380.34803268631055
s05_r3_t059,0.8330662810474999,592.4269576555312,393.38371249414683,711.1402431396117
s05_r3_t060,0.3401846180633249,139.19354244791748,384.7671155763431,409.17059460344797
s05_r3_t061,0.9558533180707377,307.17089298521455,-94.42912871654195,321.3577723464914
s05_r3_t062,0.979626660898883,621.973239441267,-127.5069499651727,634.9084444787962
s05_r3_t063,0.9840864454580334,541.6741410036155,-97.80673171326758,550.4334944390974
s05_r4_t064,0.9817110336100875,606.3676589335306,-117.58910972435382,617.6640968409097
s05_r4_t065,0.8137019568881083,687.111952003612,-490.85051370205093,844.4270610229051
s05_r4_t066,0.6563624803745086,620.4434786893609,713.159146671176,945.2756628248267
s05_r4_t067,0.45165455913149605,460.08773052591863,908.8516771580851,1018.6717287004457
s05_r4_t068,0.8046141068628909,974.0568013756113,718.8452656936818,1210.5887692838996
s05_r4_t069,0.7072228956670001,341.7216329884255,341.60941352127935,483.188023298
s05_r4_t070,0.9943814849318222,836.8015665194744,89.08084891079989,841.5297138973257
s05_r4_t071,0.5565006244789875,475.37572746618787,709.7289212405815,854.223169850436
s05_r4_t072,0.9787829504576437,886.7310036544349,-185.6295333004441,905.9526458239095
s05_r4_t073,0.9676282647589297,827.2621672459009,215.7690422274004,854.9379936229963
s05_r4_t074,0.622937745268854,409.96907094373216,514.8300730737736,658.1220580345366
s05_r4_t075,0.6034785342044225,412.4623277300316,544.9885628417354,683.4747291778798
s05_r4_t076,0.09191935345378031,28.764821309189884,-311.6105919061963,312.93541815058205
s05_r4_t077,0.751571900069179,752.0811249894489,660.0981241680461,1000.6775465131454
s05_r4_t078,-0.46944278454563565,-99.6643319822813,187.45608599089462,212.30346969491583
s05_r4_t079,0.9058296864260752,664.3440370324463,310.70306948069674,733.4094333489959
s05_r5_t080,0.3633842582764675,229.07298014343513,587.2940221097936,630.3877367443732
s05_r5_t081,0.8775679850524748,418.55327976356523,228.67322274846487,476.9468427435141
s05_r5_t082,0.8737598409177437,218.1578343234661,-121.43236783505728,249.67711275712387
s05_r5_t083,0.1465460708005029,31.72587958292931,-214.15355548470717,216.49082373637015
s05_r5_t084,0.954281697872008,585.4627556874237,183.38394327219348,613.5114578776594
s05_r5_t085,0.8794375614235923,466.00050381752465,252.2326707810669,529.8846947851362
s05_r5_t086,0.9970216030532545,480.9271229963209,37.201236284345896,482.36379384713587
s05_r5_t087,0.9924165398267926,267.5432844371202,33.13781239249046,269.5876919623032
s05_r5_t088,0.5996255252170929,324.59908979525574,433.22103897410335,541.3363443421382
s05_r5_t089,0.7233954056440953,293.285600554005,279.92207890305167,405.4291722973689
s05_r5_t090,0.9587024465337581,809.9412584537639,240.279147159513,844.8306994335431
s05_r5_t091,0.2856826534183213,62.95510907328051,211.18331378666463,220.36727928697923
s05_r5_t092,0.966906936326415,432.03841300806306,113.99822251556489,446.8252287541897
s05_r5_t093,0.601467251899755,355.493885296907,-472.1839129578559,591.0444569909124
s05_r5_t094,0.9989712733770996,1077.2925216063445,48.90282088645512,1078.401902353482
s06_r0_t000,-0.4059435456243822,-94.60173516939562,-212.97629230906904,233.04160440311614
s06_r0_t001,0.0636623701179739,14.47548256565738,-226.91770561099688,227.37894518901194
s06_r0_t002,-0.9677864508326653,-181.4582712145339,47.206902231446605,187.49825548643565
s06_r0_t003,0.5870962951026714,31.041896868243654,-42.80208653738316,52.873603746409344
s06_r0_t004,-0.9778574929382585,-475.65996256650436,-101.79628379678371,486.4307590845831
s06_r0_t005,-0.7122092597180232,-142.67059439421413,-140.61889590110667,200.3211730927229
s06_r0_t006,-0.10823898943478537,-41.421692845545905,-380.43903184886784,382.6873575025632
s06_r0_t007,0.9194758762824267,269.06543556537423,-115.04610105220772,292.6291406939838
s06_r0_t008,-0.005242787529516924,-1.1433581231430452,-218.07910447600165,218.08210168845264
s06_r0_t009,-0.4144092044771823,-58.88626272837199,129.32106041916316,142.0968986503636
s06_r0_t010,0.8725609187077485,233.91940567922845,-130.9603382323424,268.083752852076
s06_r0_t011,-0.5676366838536986,-207.38820317677377,300.78815034769536,365.35377130457897
s06_r0_t012,0.8237036473865155,62.21221645021181,-42.82560256280848,75.52742621402925
s06_r0_t013,0.936296108797423,375.26975928046556,140.7664690533373,400.8024339249485
s06_r0_t014,-0.3337112195779726,-64.01770615932696,180.83873192695705,191.83564232658063
s06_r0_t015,0.1265963566814333,62.21951377220671,-487.52520817726554,491.4794975401679
s06_r1_t016,-0.32090059373957946,-34.2420919191668,-101.06284299299817,106.70622799456491
s06_r1_t017,0.0715124687626133,11.701001298162907,163.2029140507458,163.6218340749019
s06_r1_t018,-0.14027349849058932,-49.731536928246456,-351.0273253846349,354.53266271520863
s06_r1_t019,0.22575511983407642,58.11136647792961,250.7636072884089,257.4088530999422
s06_r1_t020,-0.3567831984955539,-74.19669695012438,-194.27373778631423,207.9601765525654
s06_r1_t021,-0.5683507824941001,-115.44191116833032,-167.1221935024207,203.11736118622952
s06_r1_t022,0.8898247224324298,317.97159807054993,163.05596892101266,357.3418337954704
s06_r1_t023,-0.18828794159876322,-64.03016630022513,-333.9826958817041,340.0651457365858
s06_r1_t024,-0.9121780751590651,-457.7212130139455,-205.63027374285656,501.7893166683801
s06_r1_t025,-0.9109795804379909,-225.76863693450701,-102.21810142684767,247.83062297176792
s06_r1_t026,-0.39871295396829587,-31.469037212662016,-72.38162557490818,78.9265482835662
s06_r1_t027,-0.18756955276914042,-39.12644141731775,204.8946553730256,208.59697557350572
s06_r1_t028,0.36551781935857264,20.21828861862751,-51.48660296250667,55.31409837722136
s06_r1_t029,-0.04865968612488655,-8.803241551438099,-180.7001662215783,180.91447464014314
s06_r1_t030,-0.8696300372805389,-67.3288212783589,38.22373208768348,77.42237318401055
s06_r1_t031,0.12552679239371842,11.58557095827517,91.5655657018313,92.29560269441667
s06_r2_t032,-0.664907071461586,-28.782536678505643,32.332980878812776,43.28805920989292
s06_r2_t033,0.070066490166598,13.119003311114152,186.77631792919323,187.2364846579429
s06_r2_t034,-0.5223401064113218,-136.0938918315348,-222.17771389630542,260.54651013982516
s06_r2_t035,0.8461941367424958,181.13461009559018,-114.06609088739197,214.0579829504432
s06_r2_t036,0.3851574117477346,52.66892510697099,126.1966225066738,136.74649247427027
s06_r2_t037,0.22754892593136566,86.63645545661724,-370.7496774518032,380.73770334011124
s06_r2_t038,0.8625902447747172,66.05804084440732,38.74258476470676,76.58102006667106
s06_r2_t039,0.5807157197788682,93.19483257519593,130.6500036723319,160.4827102160826
s06_r2_t040,0.8253131470535878,391.6146639823112,-267.94088257839246,474.5043325438308
s06_r2_t041,0.3603442656669568,17.356942569502678,-44.931733577853706,48.167666932001595
s06_r2_t042,-0.0440261381205231,-11.547292210698075,-262.02833616386476,262.2826507990999
s06_r2_t043,0.039309192341042486,3.2768072145492866,-83.2953912023184,83.35982042368245
s06_r2_t044,-0.5838314545966291,-152.41823805706727,-211.95250593356707,261.0654784990532
s06_r2_t045,0.9498000932289924,134.57805655694304,44.32906214685549,141.690927929291
s06_r2_t046,0.8567909136214574,100.3766374062543,60.41218989860647,117.15418057129646
s06_r2_t047,0.057880932927774485,8.635316064983812,-148.9409113692614,149.1910311079334
s06_r3_t048,-0.8729443039705306,-238.8139534641716,-133.4543283759832,273.572955775004
s06_r3_t049,0.11396598892544445,48.398159227250105,421.90506853100686,424.67195418197775
s06_r3_t050,0.17964951246548408,47.047384262395255,-257.6236067823315,261.8842857780337
s06_r3_t051,0.7767465150676277,62.82498451680706,-50.94070326655611,80.88222257596763
s06_r3_t052,0.21216198470467748,35.26796287815597,-162.4469650155296,166.2313016502358
s06_r3_t053,0.9080580963689716,180.56736539455258,83.28718219560659,198.85001424091988
s06_r3_t054,-0.1552965125483605,-51.13619460354127,-325.2861541206128,329.28102353629544
s06_r3_t055,-0.3037302936866815,-47.55641729639645,-149.17761093062984,156.57449482287774
s06_r3_t056,0.34659521352271144,127.71854507479625,345.65360501268515,368.49483227623165
s06_r3_t057,-0.2589867564483091,-54.39812269008717,202.87564866358161,210.0421019054865
s06_r3_t058,-0.5300474676618585,-195.60784515872788,312.93270497912295,369.03835428474326
s06_r3_t059,0.5641168833447521,76.58601621069678,112.09855314957203,135.76267343144264
s06_r3_t060,-0.9152344637386924,-140.01611175600374,61.64051786253356,152.98387167813164
s06_r3_t061,-0.5301455892043083,-155.19970319264212,-248.22399749587797,292.74921144884036
s06_r3_t062,-0.07018756775836882,-3.860284113799395,-54.8639032377485,54.99954247009954
s06_r3_t063,0.15253675454974944,35.21458286200523,-228.15809094793028,230.85965717541265
s06_r4_t064,-0.5090902811202177,-138.04739235698227,-233.3951502322348,271.16485518682185
s06_r4_t065,-0.641470491759386,-87.01286381966847,104.06046737056963,135.64593373736477
s06_r4_t066,0.851640160488027,140.1868039995763,86.27549801829656,164.6080240265362
s06_r4_t067,-0.5447958218200867,-208.97750144451814,321.66545826212996,383.58866399957606
s06_r4_t068,0.13206807938694856,56.422706327607386,-423.48219377649315,427.2244026680624
s06_r4_t069,-0.9639124526892802,-450.4182405727378,124.39935367853349,467.2812757176105
s06_r4_t070,-0.05011850468947229,-25.00733959864914,-498.33714076832484,498.96420002135557
s06_r4_t071,-0.4485898994079223,-162.4926968554804,323.7385676466142,362.2299500500316
s06_r4_t072,-0.30770258737336703,-94.94895037674746,293.6025787956742,308.5737795943073
s06_r4_t073,-0.36100119166182254,-242.22998234116696,625.7466580910565,670.9949660445506
s06_r4_t074,0.4370005874120492,118.43033563396713,-243.76052862100028,271.0072687437804
s06_r4_t075,-0.9495763257240473,-227.9141821381611,75.25386975046811,240.01670636046833
s06_r4_t076,-0.9554377571764266,-244.18066743790982,75.44220883308128,255.56941370993
s06_r4_t077,0.09771311552224192,45.548364291200556,-463.91313982796146,466.14381342525786
s06_r4_t078,0.5953379182891475,125.40790270683846,-169.25205866947704,210.64994997669464
s06_r4_t079,-0.29993946034975294,-290.8386323538905,-925.0130309008082,969.6577836565749
s06_r5_t080,-0.9972018393393312,-260.3546837604522,19.51774439051036,261.08524221429747
s06_r5_t081,0.9960490484289283,390.6930478987256,-34.83304301161078,392.24278012711034
s06_r5_t082,-0.8021638633629051,-240.36792078912453,-178.92184298650116,299.64940053698257
s06_r5_t083,-0.13121136995129182,-39.82563188773719,300.8985884520649,303.52271988716547
s06_r5_t084,0.3284040479843968,165.20654412829802,-475.1578131517201,503.0587934048467
s06_r5_t085,0.6267918287981756,150.3059011385826,-186.85050185429628,239.80194736549527
s06_r5_t086,-0.9952818730658644,-490.1994407147265,47.78742791546802,492.523227821599
s06_r5_t087,0.9859365303228637,483.24370452470436,-81.91174342566018,490.13672752997303
s06_r5_t088,-0.3058221490267475,-80.59221108968944,-250.90050006456153,263.5264036505111
s06_r5_t089,-0.4182766126578618,-45.468630518465105,98.73861346641606,108.70469240329516
s06_r5_t090,-0.18099104972916402,-113.27338380778386,-615.5146618653201,625.8507477429781
s06_r5_t091,0.9381646615311866,203.94355731814642,75.25660576451021,217.38567405138497
s06_r5_t092,0.9685605040827798,101.21543388356989,25.99753410133053,104.5008891617155
s06_r5_t093,0.24205813237770057,82.6605045113942,-331.3349766399815,341.4903011083848
s06_r5_t094,0.9270094080966758,149.4848045296634,-60.47672522337673,161.25489474436267
s07_r0_t000,0.26726913973832833,105.07369760436941,378.836548238326,393.1381591875609
s07_r0_t001,-0.8058706937890965,-180.01197951736447,132.25890460086845,223.3757610305596
s07_r0_t002,-0.6395135773145145,-235.96810423426604,-283.6648336459377,368.9806012018666
s07_r0_t003,-0.7021161038923449,-153.48806394225235,-155.6624196310712,218.60781014899868
s07_r0_t004,0.020865531788230175,5.493981452864773,263.2468426836853,263.3041663459456
s07_r0_t005,-0.5569884670822887,-215.97593441444008,322.0396699173924,387.75656441470284
s07_r0_t006,0.8165998601802859,287.32644439068144,203.09337969147714,351.85708252172196
s07_r0_t007,0.9999996954010157,290.5472488763534,0.2267754774414108,290.54733737677725
s07_r0_t008,0.6224212781869378,481.3603004678166,605.3010276069788,773.3673595960273
s07_r0_t009,-0.8961167331850599,-309.8861051754668,-153.47684088185417,345.8099750844305
s07_r0_t010,-0.9573615916411167,-113.72229952493642,34.31671090498443,118.78719651787239
s07_r0_t011,0.8232581297640051,147.21034333530582,101.5070251080841,178.81432082244373
s07_r0_t012,0.7075977074165235,78.9105267957182,-78.80099364092774,111.51891246768547
s07_r0_t013,0.46481280564825345,151.97640229785742,289.4956188359446,326.9625975254765
s07_r0_t014,-0.8542079278430587,-126.34238226318953,76.90093760264072,147.90588818604604
s07_r0_t015,0.6295978945801344,162.16148676425888,-200.10659458549551,257.56357853197875
s07_r1_t016,0.9837734944009433,370.7912085011509,-67.62275414408045,376.90709356521097
s07_r1_t017,0.8805572892599453,430.52365212735447,231.71946062129092,488.92179688749536
s07_r1_t018,0.9995582822163563,325.5529449568809,9.679501292268881,325.69681103038903
s07_r1_t019,0.9994290684677569,631.2938252432511,21.34148228579778,631.6544566900574
s07_r1_t020,0.8791752936055053,109.70447740766261,-59.45801401216447,124.78111953961265
s07_r1_t021,0.5447597680784285,155.22541593806042,238.95086056317427,284.942877638704
s07_r1_t022,0.7368365891301687,182.25302834928723,167.22292012012613,247.3452472880532
s07_r1_t023,0.9119506033715529,421.90250771916834,-189.82015240895157,462.63745663346424
s07_r1_t024,0.9579045438321824,334.59871322402097,-100.2802482255787,349.302772785093
s07_r1_t025,0.9903064075798916,669.7357235897539,93.93689998200608,676.2914169428152
s07_r1_t026,0.5061219724934932,54.50115431282366,92.87320505256974,107.68383368995961
s07_r1_t027,0.9104099752333109,291.13247453202325,132.29601452281085,319.7817274106808
s07_r1_t028,-0.1736470971525173,-65.16483752235717,369.57052944483024,375.27167796604016
s07_r1_t029,0.9655294605120868,276.33027226332,-74.49493651130526,286.1955886014737
s07_r1_t030,0.9322221826643559,65.79526254549296,-25.541565500835787,70.5789497064375
s07_r1_t031,0.8624204911295271,410.33926339784983,240.84617626355123,475.7995289054662
s07_r2_t032,-0.41890318317687225,-51.68895446200692,112.04299691729364,123.39117136806868
s07_r2_t033,0.5894701348970567,108.86648897310505,149.18699780933306,184.685334384442
s07_r2_t034,0.7007737352575126,117.30695927043323,-119.41780580787426,167.39634117041584
s07_r2_t035,0.6382951334637874,139.60546542851085,-168.3658992172862,218.7161676620101
s07_r2_t036,0.5034197826858152,69.11106167373485,-118.61841705537809,137.28316615810692
s07_r2_t037,-0.9890205904672715,-92.58991926818987,-13.834628575344396,93.61778729444342
s07_r2_t038,0.6495313911188947,140.70281703977125,-164.70527271233516,216.62204315852077
s07_r2_t039,0.3713726000354832,45.6276782653045,114.07563624070877,122.86226356210702
s07_r2_t040,0.5119991468982272,146.5149565652418,245.80956995472528,286.1625013495683
s07_r2_t041,0.2130276492270448,26.84840945215427,-123.13958189620708,126.0325105664535
s07_r2_t042,0.9026288145719167,224.0869590997902,-106.85618215812417,248.26036514917408
s07_r2_t043,-0.7443696521138939,-83.64725631605239,-75.03925409802773,112.37327593690476
s07_r2_t044,0.14835133723939226,33.76193547779311,-225.06268453742354,227.58093122754923
s07_r2_t045,-0.5844768946999512,-155.15203348170758,-215.39254547854017,265.45451991110247
s07_r2_t046,0.9214201904649412,387.0893049634998,163.23756532384044,420.100741191896
s07_r2_t047,-0.5816791815471641,-135.8156192803341,-189.92412582041567,233.4888776990239
s07_r3_t048,0.9275463579648293,41.86107076415638,16.865811217879084,45.13097421459949
s07_r3_t049,0.9312925505431328,296.775763870347,-116.08289986009686,318.67082335971276
s07_r3_t050,-0.9751718740861843,-86.4218486138626,-19.6253224466018,88.6221710350772
s07_r3_t051,-0.09828608725678502,-11.002521266652366,-111.40182273986264,111.94383227309538
s07_r3_t052,-0.24444199430616703,-17.30743573856543,-68.65594422328357,70.803855891012
s07_r3_t053,0.7371980036152606,147.89108850900257,135.54916475146496,200.6124376134177
s07_r3_t054,0.1468224153139098,32.62411245054798,219.79314637292515,222.2011699017269
s07_r3_t055,-0.7066452801274099,-96.80728262918473,96.93368860646493,136.99558371313273
s07_r3_t056,0.37106769978289106,124.74563140481396,-312.1789338058851,336.1802481805927
s07_r3_t057,0.9947139411945985,548.9062143519471,56.66387222203866,551.8231841535667
s07_r3_t058,-0.9413362546036776,-89.10026325402666,31.94254224950822,94.6529604254324
s07_r3_t059,0.2113419741300808,66.78984283513552,308.88897564387116,316.02734435529806
s07_r3_t060,0.5858200127809312,26.71657584049734,-36.96052180293216,45.60543384933499
s07_r3_t061,-0.8381580199672493,-88.03024563133161,-57.28527760043426,105.02822085359436
s07_r3_t062,-0.22010545048399702,-24.779983898349883,-109.82136791376819,112.58232744287051
s07_r3_t063,-0.9855060661297569,-148.1392146059789,-25.499959039323358,150.31791248910903
s07_r4_t064,0.95120155616421,201.62118785916098,-65.40601206895042,211.96473718168969
s07_r4_t065,0.03837212461970825,4.277405149155072,111.38958197233991,111.47167876542747
s07_r4_t066,-0.1692417306870473,-55.203621751055806,321.4767755485881,326.18209189278144
s07_r4_t067,0.24437716797237305,120.27747581481754,477.2569162762301,492.17967788388063
s07_r4_t068,0.7393470612216078,63.80617426089623,-58.10838314761375,86.30070721518878
s07_r4_t069,0.2920155769463945,49.02262859389902,-160.55960902578994,167.8767588583062
s07_r4_t070,0.8727719114323087,391.40700668026625,218.90807389038537,448.46425687316975
s07_r4_t071,0.35616332158710534,95.0154480409868,249.28082996598505,266.7749380188473
s07_r4_t072,0.8356367741317922,134.97665789179558,88.72312489694565,161.52551212461097
s07_r4_t073,-0.9995586560815432,-114.09388245970136,3.390858927656673,114.14425933438535
s07_r4_t074,0.974195780445944,300.5262089781496,69.62682354842184,308.48646135644515
s07_r4_t075,0.4247427840587586,108.97218194372192,232.26774739505734,256.5604079306661
s07_r4_t076,0.8067710777511857,137.10345637573718,-100.41202223497648,169.94096610144086
s07_r4_t077,0.48968610772933,210.20460152952242,374.2747379372019,429.2639676960395
s07_r4_t078,0.5993369073698376,274.12397699086347,366.1302824070791,457.378769136451
s07_r4_t079,0.9556857970643357,343.9640921248245,-105.95439775279937,359.9133660680208
s07_r5_t080,0.9905486138209473,620.7980009181223,-85.96242605021726,626.721386771168
s07_r5_t081,-0.08714483786561457,-13.43556667578207,153.58859381153977,154.1751296445232
s07_r5_t082,0.5675657572551561,146.82811936109422,-212.99331508366456,258.6979878264323
s07_r5_t083,0.9129356726887341,206.15882955517708,-92.15779391215449,225.81966695200774
s07_r5_t084,0.9749774460241982,207.69182396516726,-47.355640893339796,213.0221830382859
s07_r5_t085,0.6538041518518765,114.55698129767138,-132.57964547385725,175.21605051481072
s07_r5_t086,-0.031740606144861926,-10.80371977504484,340.203843737846,340.3753452513599
s07_r5_t087,0.7722387906211956,445.19555311131813,366.26903462926555,576.4998579690603
s07_r5_t088,-0.11842428297179869,-23.093612169768306,-193.63515505788405,195.00740549358238
s07_r5_t089,0.9990616283798385,246.30587709102514,10.677830422214896,246.5372206221705
s07_r5_t090,-0.800816383687481,-137.6593539358913,-102.95188444545762,171.89877322691356
s07_r5_t091,-0.9993576411591896,-15.261405218944155,-0.5472776122816185,15.27121481879292
s07_r5_t092,-0.8236257570270349,-83.28053732199669,57.34545975707647,101.11453729009969
s07_r5_t093,0.9932768917347157,267.5822243965159,31.185721508090865,269.393385291784
s07_r5_t094,0.9830035529175404,294.9573663990126,55.08647451051891,300.0572739778848
s08_r0_t000,-0.7364602335287574,-376.72742461203075,-346.0456822597378,511.538040291649
s08_r0_t001,-0.7863399979720564,-90.73092080258401,-71.28343623233184,115.3838301963221
s08_r0_t002,-0.11928261457321748,-59.58609565383007,-495.9706114365314,499.5371359608755
s08_r0_t003,-0.9128180620945466,-298.35993208588343,133.4769781478589,326.85585931688144
s08_r0_t004,0.9082525479280109,194.94970197355437,89.8112792317121,214.6426150064666
s08_r0_t005,-0.5368138917326907,-140.72971234286808,-221.18234366362262,262.1573593943898
s08_r0_t006,-0.9767614262397876,-219.10556815524822,48.07804262503334,224.3184080259323
s08_r0_t007,-0.5740995538643087,-190.40443509609392,-271.5563709901961,331.6575214428699
s08_r0_t008,-0.6304494204449937,-347.0586193885813,-427.310135599352,550.4939938617357
s08_r0_t009,0.04969662734851664,3.484796231183296,70.03473797951024,70.12138282030327
s08_r0_t010,-0.48829108026794404,-74.92499686421675,133.9070293501066,153.44330439766082
s08_r0_t011,-0.967584257858513,-77.8618383505899,-20.322658225305503,80.47034428083411
s08_r0_t012,-0.9553536220457971,-205.93542136513972,63.69020826522535,215.55936630475006
s08_r0_t013,0.30852332857295567,67.58195453832728,208.3637864172723,219.04973880231677
s08_r0_t014,0.534435648482021,251.50392981475926,397.75308377228316,470.5972188216036
s08_r0_t015,0.8127419334428944,173.68153257779989,-124.50569962821614,213.69825455179776
s08_r1_t016,0.7853758696655119,42.46864043148267,33.473020915423064,54.07428732126679
s08_r1_t017,0.4272831426543766,22.83840390882932,48.3253537255427,53.45028068964329
s08_r1_t018,0.9996482188373806,180.60462361941043,4.791756693251557,180.66817928156644
s08_r1_t019,-0.6514802531508915,-108.5165595077126,126.37033802684883,166.56922290870833
s08_r1_t020,-0.14141973801642652,-2.858206857237903,20.007681611694906,20.21080577101557
s08_r1_t021,0.4991796958170053,65.04481195773418,-112.90769986265754,130.3034007648801
s08_r1_t022,0.9985757397879145,279.7277822495839,-14.945469689305767,280.1267556419854
s08_r1_t023,-0.7611034055419974,-123.74116659024406,-105.45518763181269,162.58128092611202
s08_r1_t024,0.9963370252835104,37.64378930725288,3.23088095010327,37.78218449378736
s08_r1_t025,0.5290432051141655,113.9701000921992,-182.81010624822224,215.42682901976767
s08_r1_t026,0.9950335234752846,298.81124718578496,-29.89224408631045,300.3026934631786
s08_r1_t027,0.9883076929063268,183.25963510460363,-28.27265181159919,185.4277128671235
s08_r1_t028,0.999095102764467,360.5235036828947,15.347693274005394,360.85003588280705
s08_r1_t029,0.4933345340445337,160.38203807211374,-282.78307751418134,325.09793457442396
s08_r1_t030,0.9961624256386501,149.4653251770951,13.132174198960683,150.04111912901288
s08_r1_t031,-0.9902437537722856,-273.96274929322817,38.55173386329244,276.6619312160065
s08_r2_t032,0.23615317821798318,34.16042620943175,140.562272110781,144.65367973112637
s08_r2_t033,-0.9197108071533425,-114.17010036414351,48.73573766755738,124.1369563955858
s08_r2_t034,0.4615503491411018,132.45129952379688,-254.57548521237146,286.97042428908406
s08_r2_t035,0.9339508881950874,13.484518799999663,-5.160212959817073,14.438145485421888
s08_r2_t036,-0.23832104994046324,-104.45126345866181,-425.6512357683489,438.27963784464515
s08_r2_t037,0.7480024081865662,85.64259596032107,75.98992842639234,114.49508052781584
s08_r2_t038,0.925865578434499,175.97390259768076,71.81633935692898,190.06420229513927
s08_r2_t039,0.44651584307274966,166.41079511967257,333.47157221352927,372.68732498828655
s08_r2_t040,0.03473329826898348,9.492943248934452,-273.14467213877145,273.3095825054885
s08_r2_t041,-0.3451509250484105,-74.10392505957584,201.50614129267996,214.7000621515996
s08_r2_t042,-0.347705029729922,-103.50322711655247,279.10161999935974,297.6753807586507
s08_r2_t043,0.7711713291357386,354.29178288875994,292.47968796230145,459.420325293757
s08_r2_t044,0.8768075721551277,278.9914172537849,152.99894351550296,318.1900180994614
s08_r2_t045,0.9925929703971861,398.42370798771316,48.76467284086249,401.3968664600596
s08_r2_t046,0.07423033456775344,13.473250367911717,-181.0052373572363,181.50599005604712
s08_r2_t047,0.8429092882184408,133.40163808939252,-85.15449077709661,158.26333859880467
s08_r3_t052,-0.3923747145687103,-119.80816101893117,-280.8544906408545,305.34118680563216
s08_r3_t054,0.026499729544181602,6.342157655439053,-239.24509905419194,239.32914654336727
s08_r3_t055,0.8740959869354767,214.30762955683437,119.0951863030975,245.17631102298373
s08_r3_t056,0.997617400268535,505.87551599289554,-34.98334599205137,507.08369346477497
s08_r3_t057,-0.08473819822112223,-43.58790984408668,-512.5331428597597,514.3832505187927
s08_r3_t058,0.9781379580118342,278.7265186196355,-59.25866018885381,284.95624399054685
s08_r3_t059,0.577975360107277,62.85245141456585,-88.74255113588492,108.74590121436997
s08_r3_t060,0.863231373210046,259.86923914271847,151.9687517737063,301.04239397180214
s08_r4_t064,-0.8756408029664832,-8.0676645572524,4.449750213064391,9.213440636755259
s08_r4_t065,0.9297319137436917,57.316015139941115,-22.701042539269906,61.64789472392144
s08_r4_t066,0.5416837927647721,42.25864996759651,-65.57677247804219,78.0135025859034
s08_r4_t067,0.9918094885079293,120.80514724378706,15.557384688468765,121.80277426618031
s08_r4_t068,0.7589097344900451,216.375415425584,185.66472771938265,285.11350637896226
s08_r4_t069,0.9903992793268517,309.46121856956677,43.19345415737311,312.46107002410116
s08_r4_t070,0.35598087117136706,147.10101896354604,-386.15813164821407,413.2273132528305
s08_r4_t071,0.8633230736047155,293.19524586352316,171.3859667432881,339.6124287971558
s08_r4_t072,-0.4070022560798566,-308.42586930707546,-692.1941081529902,757.7989180643759
s08_r4_t073,0.6885347064364804,246.02083109343738,-259.1229450735561,357.31071911642783
s08_r4_t074,-0.6683881323077687,-66.82191900763782,74.36246745259831,99.97472393311247
s08_r4_t076,0.9460742210900547,36.51504795727001,12.503297931935123,38.59638825714736
s08_r4_t077,0.7905091312362881,254.69690967323191,197.3274954311802,322.1935074613343
s08_r4_t078,0.9564674518761326,336.90186062214826,102.79608427198991,352.23557263899323
s08_r4_t079,0.9676073592127996,168.8627055929427,44.05822305426467,174.5157309782364
s08_r5_t080,0.24014924788390188,100.3705969145268,-405.7199862346307,417.9509109395592
s08_r5_t081,0.9607675776401413,694.9609756605837,200.62160471730323,723.3393297550302
s08_r5_t082,0.9188728585049861,521.6819604033033,224.00441730600554,567.7411793967711
s08_r5_t083,0.9877969699456807,538.0177560212511,-84.82986419056587,544.6643109776263
s08_r5_t084,0.9533138002531957,457.22525869823926,-144.83536077363573,479.6167417033115
s08_r5_t085,0.5491427602626521,446.3100347419896,-679.2296473715865,812.7395406770397
s08_r5_t086,0.5995160876817764,198.8359880347519,265.44893896235794,331.6608046393147
s08_r5_t087,0.7385407268522489,217.28961405894626,-198.36222828010992,294.21480245925125
s08_r5_t088,0.9023273811717738,201.11582481948534,96.07516828235366,222.88564994926097
s08_r5_t089,-0.6147745818346554,-119.17186905274554,-152.8872494882058,193.84644807061494
s08_r5_t090,0.18206404094445994,35.07931634268648,-189.45544735084624,192.67569895028157
s08_r5_t091,0.9009697906434753,478.3202510230596,-230.345639395334,530.8948823705198
s08_r5_t092,-0.5272321736303687,-85.14015068715699,137.2173408756596,161.48511973559286
s08_r5_t093,0.9666265262473636,277.53177583445375,-73.55558583800565,287.1137593460085
s08_r5_t094,-0.9822760910709324,-184.91181719125,-35.285227315207294,188.24831314956347
s09_r0_t000,0.5648442085687078,64.71255987852254,-94.54048740898423,114.56709460207006
s09_r0_t001,0.5952738361378533,105.8423157169573,142.8699195387916,177.8044141897182
s09_r0_t002,0.8512110985872233,243.86836061493034,-150.35969027859556,286.4957482576118
s09_r0_t003,-0.9899460086216599,-249.54097672670076,35.65498536639593,252.0753400219738
s09_r0_t004,-0.10397413042165067,-26.17707945901303,-250.40074519316792,251.76531270668974
s09_r0_t005,-0.9910607539920075,-131.36920700714307,17.684223724647417,132.55414108366813
s09_r0_t006,0.9807263516405869,193.4938345804625,-38.549033327275936,197.2964571175033
s09_r0_t007,0.9905149392156737,136.4156693556741,18.923697980005983,137.72197061832614
s09_r0_t008,0.1836756858385593,115.17437973973337,-616.3848295922351,627.0529450531916
s09_r0_t009,0.8673978416091357,344.7467859558699,-197.77692109556313,397.44943948248687
s09_r0_t010,0.5172003562273748,148.58840262782732,-245.8844345620634,287.29369738195606
s09_r0_t011,-0.2580010687220151,-67.4512153656049,-252.5866653232986,261.4377362842657
s09_r0_t012,-0.3726922462028642,-159.42344680622148,-396.9435552812064,427.7616409530666
s09_r0_t013,0.49241314027592475,128.67903901115145,227.44578480134498,261.3233248386626
s09_r0_t014,0.19092193597841312,34.64087731637402,-178.10245815049885,181.44000656001495
s09_r0_t015,0.21419966404116664,76.07490745628924,-346.91558173901973,355.15885515893507
s09_r1_t016,0.9764549905445415,73.21625361325381,-16.17514462031484,74.98169841133502
s09_r1_t017,0.4388051863953285,45.166085735561225,-92.49079752220564,102.92969895499408
s09_r1_t018,0.11450412348386739,22.812129733227966,-197.91504869606652,199.22539939307939
s09_r1_t019,0.02924444028138147,4.806983535539111,-164.3022569022623,164.37256070855602
s09_r1_t020,0.17344133916021354,17.03461191110506,-96.72687522039455,98.21540812349018
s09_r1_t021,0.9033409192298488,144.93180377054074,68.81635041741204,160.4397638646809
s09_r1_t022,0.992432623577347,102.75224173761153,12.71319663728464,103.53573562226146
s09_r1_t023,0.8527220377942869,250.14828029390674,-153.2371448259192,293.3526626577619
s09_r1_t024,-0.9694429898967096,-125.09441150405233,-31.655032919667512,129.0374089118749
s09_r1_t025,0.8302316655011741,74.84035129201398,-50.24789817040158,90.14393741153701
s09_r1_t026,0.35523086838815,68.11733163488553,-179.248566315423,191.75510265750836
s09_r1_t027,0.756316957097187,205.55757693663114,-177.8049117027885,271.78760836670875
s09_r1_t028,0.9730734535097569,97.04397007165969,-22.98713705243391,99.72933669255282
s09_r1_t029,-0.09028586045179941,-13.58405442270955,-149.84157658815812,150.45605540816226
s09_r1_t030,0.991317878493104,232.90680182918626,30.8924576050264,234.94663707995096
s09_r1_t031,0.38667570698987247,80.68298011790098,-192.42769594750712,208.65800116068363
s09_r2_t032,0.5403552631657176,135.50023015782244,-210.9998959666699,250.7613775499895
s09_r2_t033,0.881758695899859,172.53767697963474,-92.29980136769277,195.67448303252095
s09_r2_t034,-0.39353309908843503,-82.75679664904987,-193.32347897573595,210.29183273464048
s09_r2_t035,-0.06727347292335323,-10.384657002449508,-154.01510994749827,154.3648120304576
s09_r2_t036,0.9995729535369817,220.28670576826767,6.439912750118651,220.38081861737533
s09_r2_t037,0.22907381554787276,44.260313745644105,-188.07645057105566,193.21419883711857
s09_r2_t038,0.6859050613271819,61.686170479943684,-65.44414957733662,89.9339776857528
s09_r2_t039,0.0748833569722324,2.6205388697476266,-34.89668850312732,34.994943812673235
s09_r2_t040,0.7194247137151437,35.39515822356732,-34.17234600754125,49.199252609470456
s09_r2_t041,-0.1178197638908654,-43.76901274297391,-368.9038235845825,371.49126171663767
s09_r2_t042,0.18792053180394752,82.27868883366344,-430.0372629170466,437.83767555267764
s09_r2_t043,-0.13580874888642158,-88.67954627876267,-646.9239826240245,652.97373700811
s09_r2_t044,0.14103707400922005,46.22671753345449,-324.4866652881766,327.7628797831734
s09_r2_t045,0.7384292653421944,34.42568365080483,31.437410181144543,46.62015072608433
s09_r2_t046,0.005409752013497055,1.1823006991733962,-218.54669046486757,218.54988846505938
s09_r2_t047,0.9593501244302187,210.62323850662187,-61.96048157779697,219.5478304979802
s09_r3_t048,0.9950187814996012,104.83709560877818,-10.503281202917393,105.36192638572842
s09_r3_t049,0.36085060741153197,80.31489892195384,-207.57502192042395,222.57105093454572
s09_r3_t050,-0.13697044439069397,-5.615630185772744,-40.61243761086837,40.998846216449046
s09_r3_t051,0.3133072516645031,89.44094042704839,-271.1004957190954,285.4735725134887
s09_r3_t052,-0.7722065107233244,-83.39543548233561,-68.61777622594158,107.99628638745777
s09_r3_t053,-0.06758178028329571,-31.435193590800708,-464.07958432645006,465.1430231495489
s09_r3_t054,-0.8636713870658211,-146.93765511615942,85.75565132711583,170.13143808706633
s09_r3_t055,0.8322716160006229,35.63230205982947,-23.734331614916563,42.81330923077256
s09_r3_t056,0.39215827574544976,57.08911751805386,-133.9157031955926,145.57672513612957
s09_r3_t057,0.3268908091523423,64.83390723255056,-187.43894810726337,198.33505689765573
s09_r3_t058,0.003222463667810776,1.0974217203773833,-340.5518682372882,340.5536364426897
s09_r3_t059,-0.8429238180279298,-39.61790204927464,-25.287855893152113,47.000572533308016
s09_r3_t060,0.49308341742572925,211.0553908698602,-372.37999135447774,428.0318165468431
s09_r3_t061,0.07894970521237735,28.005215921260486,-353.6150056285978,354.7222354526281
s09_r3_t062,0.9802054457811621,84.30923105098098,17.028876875943077,86.01179621461073
s09_r3_t063,0.9994331633134312,33.34979347418439,1.1233673923685785,33.36870808210873
s09_r4_t064,0.9946534055692926,69.06236612309038,7.170377519006436,69.43359941904824
s09_r4_t065,0.2652609788684716,81.0561203642601,-294.62463328363674,305.57121786258415
s09_r4_t066,0.8876455342916506,79.91290793886154,-41.46032993596054,90.02795018017274
s09_r4_t067,0.7557373238811912,102.99210983612262,-89.24654448156937,136.28030081562298
s09_r4_t068,0.8010752257218966,287.00135753113705,-214.44751267365214,358.2701702858218
s09_r4_t069,0.38751284614554754,60.5879424961328,-144.13421894372374,156.3507973962141
s09_r4_t070,0.9849573540997832,182.32492665120958,31.986470921750623,185.10946275216986
s09_r4_t071,0.9306555481838389,115.52753166772345,45.420800291618605,124.13565028777167
s09_r4_t072,-0.21190316659608247,-32.0391264700181,-147.7634326278689,151.19701599877084
s09_r4_t073,0.19839238646966775,64.11508636672437,-316.74930259198385,323.17311922918446
s09_r4_t074,0.8093447278485385,116.16539306429236,84.30013953972572,143.5301782629659
s09_r4_t075,0.2642362093987892,50.05032459886239,-182.68289520603713,189.4150870266448
s09_r4_t076,0.8524675050680525,110.20491834954947,-67.58375014291721,129.27755919652537
s09_r4_t077,0.45378458838734526,33.460997906442735,-65.70843927016355,73.73762521410447
s09_r4_t078,-0.3562774757982985,-82.70863192088089,-216.91325828317997,232.14667650700773
s09_r4_t079,0.8738347760990103,142.83343298325192,-79.47600508145476,163.45588077976439
s09_r5_t080,0.6461840791418578,249.17370066041036,-294.2888669515321,385.6079230415531
s09_r5_t081,0.5937950560516455,22.9669278506803,31.12111646772597,38.67820659100055
s09_r5_t082,0.5515309103552777,166.82472700405967,-252.3114962996131,302.4757522594641
s09_r5_t083,0.882915618985257,128.46946681719362,68.31965005761333,145.50593970106087
s09_r5_t084,-0.8038431496885109,-55.53099640605764,-41.092756676991506,69.08188049817416
s09_r5_t085,0.3729017102575646,65.21379164061929,162.26789693936593,174.88198591413234
s09_r5_t086,0.9838772567716232,142.15224737397625,-25.839831457523495,144.48168853950094
s09_r5_t087,-0.11239228910798578,-26.847256557444595,-237.35747562539262,238.87098279179938
s09_r5_t088,0.4466317568736336,19.029137374606655,38.12023903498609,42.60587627670776
s09_r5_t089,0.38641146676449184,58.64895590345099,-139.98934054120534,151.77850800995012
s09_r5_t090,0.6770650743167707,29.553658188832514,32.12279307004471,43.649656893992415
s09_r5_t091,0.8445014093044227,51.51086315302936,-32.66639227418071,60.99559170121043
s09_r5_t092,0.995882476496938,124.16056499898038,11.302151267393597,124.673912765009
s09_r5_t093,-0.8106266898577196,-48.9774782396272,35.379310578036694,60.419276656464
s09_r5_t094,0.274621805188865,53.77251190064411,-188.27741495333999,195.80568944138747
s10_r0_t000,0.9858122733478762,192.21564098940655,32.72804057772392,194.98199219678102
s10_r0_t001,-0.7048401171881981,-70.56121041777422,-71.01431467208964,100.10952653952558
s10_r0_t002,0.5762018493921679,85.81959563330629,121.72989880183606,148.9401599870547
s10_r0_t003,0.7343909864422002,44.26353426200714,-40.908509670334,60.272436725353074
s10_r0_t004,0.8368583334061153,4.798278569405866,3.138728792862281,5.733680812947501
s10_r0_t005,-0.5413074604061655,-94.27950597898152,-146.44642155326068,174.16997339781662
s10_r0_t006,0.7382391464869413,117.8974365788013,-107.72447938636387,159.70087354462282
s10_r0_t007,-0.6424796775894047,-65.48459238316038,78.10522765792948,101.92476846716728
s10_r0_t008,0.421512168027071,43.669676171965314,-93.94902129996039,103.60240933580998
s10_r0_t009,-0.8133063800871444,-199.2945343516509,142.5743965994959,245.04238406478115
s10_r0_t010,-0.6044718139624654,-94.97926920237299,-125.17209863099828,157.127705557948
s10_r0_t011,0.9870031100689187,95.63064876019118,15.570321311462088,96.88991633827138
s10_r0_t012,-0.7869061937898436,-253.864387991762,199.07425962478757,322.610738097152
s10_r0_t013,0.12686498096496202,37.2920711894952,-291.57574287872376,293.95086733820335
s10_r0_t014,-0.9335006379372159,-187.29655129026247,71.94424528099883,200.63891086795311
s10_r0_t015,-0.7557646984540326,-141.26404025597452,-122.400275603293,186.91537266154347
s10_r1_t016,0.6402469276015291,113.21595933648436,-135.83666803307455,176.8317104786587
s10_r1_t017,-0.41507097850774516,-36.51811856116096,-80.04362014596047,87.98041889714902
s10_r1_t018,-0.9261750870769633,-161.3412331146948,-65.6903581145007,174.20165513617152
s10_r1_t019,0.32119397796952254,54.03266020018594,-159.31075346135853,168.22438746131465
s10_r1_t020,0.02113587132738949,1.7576269569324765,83.13990456592776,83.15848112941524
s10_r1_t021,-0.14714459013276868,-45.37730490524997,-305.0290370050351,308.38581876714613
s10_r1_t022,-0.7440656174752565,-84.5532447656109,75.92149803989948,113.63681210336625
s10_r1_t023,-0.8768568153584073,-99.38844601040691,54.491401711404,113.34626619715876
s10_r1_t024,-0.9796716460444322,-98.67773909670022,-20.206278760043006,100.72531903431731
s10_r1_t025,-0.9993578169848918,-60.63437537504622,2.174065198572407,60.67333876266951
s10_r1_t026,-0.11450140602585827,-25.972488723123224,-225.33932810815168,226.83117722814475
s10_r1_t027,0.3838812518240997,43.5548436640141,-104.76619761630225,113.4591581564697
s10_r1_t028,-0.11270953335223535,-20.204120431805613,-178.116071990656,179.25830966458278
s10_r1_t029,-0.11538082312574992,-16.98267014577513,146.20495891680932,147.18797877933542
s10_r1_t030,0.19250158152767935,77.52352995474753,-395.184188392058,402.71632752066836
s10_r1_t031,0.9388410550899544,63.40810078589398,23.257004044371598,67.53869618517969
s10_r2_t032,-0.8553258164559344,-56.296012003160605,-34.09978681949703,65.81820742465679
s10_r2_t033,0.21153928573331915,6.035742773677271,-27.886786365883992,28.53249103472129
s10_r2_t034,0.09674289971593175,17.56371006670593,-180.6987992352108,181.55037856296067
s10_r2_t035,-0.8315550194924243,-67.4250937175185,45.03701424450965,81.0831419894192
s10_r2_t036,0.13089264333056763,34.1359401405755,-258.5496966537251,260.7934202563673
s10_r2_t037,0.587472064798559,89.45153258007888,123.21974140988061,152.26516789483654
s10_r2_t038,-0.3957697773973711,-62.199864997531876,-144.32944203714933,157.1617353062317
s10_r2_t039,0.26633147176133715,101.2634640318486,-366.4830859788127,380.21591425962606
s10_r2_t040,-0.8698546036530491,-100.80589441455562,57.16860371887198,115.88821165193619
s10_r2_t041,-0.704146795195033,-152.52536659368667,153.80502003461697,216.61018360729818
s10_r2_t042,-0.43029024701982443,-26.74006181978205,-56.09702376060042,62.14424334500448
s10_r2_t043,-0.19251764000622495,-68.62931218982617,-349.8146914663588,356.48324064021915
s10_r2_t044,-0.21676365384605686,-68.12229046916246,-306.79784822674424,314.2698937781431
s10_r2_t045,0.037757902816133164,4.361906943176436,115.44064189624012,115.52301949653534
s10_r3_t048,-0.1730579097847762,-39.82766887113955,-226.6682588721692,230.1407021538125
s10_r3_t049,0.9687129920787138,171.083835919318,43.83157480103772,176.60941612045235
s10_r3_t050,0.2966450407104545,61.42657881361934,-197.7502604435178,207.07097838718227
s10_r3_t051,-0.6401939561854127,-176.98970163083408,212.38226982006785,276.4626249916899
s10_r3_t052,-0.5258258776831573,-28.048844201038904,-45.37267948701647,53.34245686923015
s10_r3_t053,0.22823499269760172,89.45916101968243,-381.61537610877554,391.9607592259558
s10_r3_t054,0.5947172543537916,115.57241898128798,156.23004883740526,194.33170659705638
s10_r3_t055,-0.07003377875555115,-23.03901455567326,-328.16228739011365,328.97003367602963
s10_r3_t056,0.111348959471829,36.3514457805615,324.434011072975,326.4641713132337
s10_r3_t057,0.5592333989160071,41.165950841787094,61.02460177880354,73.6113953880103
s10_r3_t058,-0.988684847054299,-87.95286819019299,13.34459276961249,88.95945806415558
s10_r3_t059,0.16048565561543535,37.17988238559872,-228.66818239845708,231.67106270663368
s10_r3_t060,0.1257289713028483,17.879596635816945,-141.0789828176468,142.20745187479238
s10_r3_t061,0.95468193036582,405.48073193406697,-126.41111718315284,424.72861278383334
s10_r3_t062,-0.49687820352550083,-65.55671506314005,-114.49777206922863,131.93719224951985
s10_r3_t063,-0.3299866981700026,-74.97726106509121,-214.48577720278337,227.2129800409846
s10_r4_t064,-0.06577891448911255,-24.784126743156463,-375.9631793330039,376.77919946913374
s10_r4_t065,-0.5851941205414767,-258.4044440806541,358.0665093450201,441.57047210514344
s10_r4_t066,-0.940536278100413,-396.10876886629893,-143.06250739988053,421.1520364385241
s10_r4_t067,0.8192752557626375,219.86034986725437,153.87748950464066,268.35956331012744
s10_r4_t068,0.3483899445948342,155.28498717014122,417.7971760420662,445.72178267295413
s10_r4_t069,-0.3597856260376354,-110.72976833844103,-287.1564105242969,307.7659592961563
s10_r4_t070,-0.008413596724195506,-3.1657577592424815,-376.2535585239558,376.266876464206
s10_r4_t071,0.2832291254715101,109.37392124086084,-370.35494709883227,386.16763392104843
s10_r4_t072,0.9797522213853169,320.910199140169,-65.57848427102044,327.54220111531794
s10_r4_t073,0.29377136567295237,69.1118438017668,-224.8766929227453,235.25725062907307
s10_r4_t074,0.026984680585459195,11.208311199765149,415.20705151248006,415.35830540105735
s10_r4_t075,-0.9055183877417292,-228.6059377783155,107.11997252584507,252.45863681292596
s10_r4_t076,-0.00036695779575562204,-0.05690076977199965,-155.06079063878508,155.06080107887595
s10_r4_t077,-0.6719541586189668,-349.24112369413126,-384.9153069630307,519.7395078436731
s10_r4_t078,-0.7195472085900106,-256.3625635756196,-247.41854483100974,356.2831743562387
s10_r4_t079,-0.9089488118134124,-322.5439309535914,-147.94128906993336,354.85379018219425
s10_r5_t080,-0.9306390262049619,-410.34595516424486,161.3529936801865,440.92923637383666
s10_r5_t081,-0.9184684205175627,-271.2775090168926,-116.81263363602501,295.3585588321328
s10_r5_t082,-0.2608725905542381,-139.58634388072352,-516.5468732937295,535.0747795472291
s10_r5_t083,0.412375988600036,94.54533546582611,208.8678840167617,229.2697394598446
s10_r5_t084,0.9690979032467032,225.78109568943697,57.47084083758682,232.98068743417753
s10_r5_t085,0.2823459426578947,130.3652876684359,-442.9356021981508,461.72183825709664
s10_r5_t086,-0.07447891608337438,-11.59118051565828,155.19811036070985,155.63035990860413
s10_r5_t087,-0.9784573237842406,-311.64198099401835,65.75476628491762,318.50339653928376
s10_r5_t088,0.5833816423099751,185.01726552760712,257.5855540826568,317.1461906051883
s10_r5_t089,0.9453275365697552,679.182332149151,-234.30672824078664,718.4624438357662
s10_r5_t090,0.6827712809564123,215.7136409185217,-230.8347340379139,315.9383631607269
s10_r5_t091,0.024563421623918155,11.993375627781916,-488.1142820318995,488.26160342839347
s10_r5_t092,-0.7196467313373643,-456.9304004069182,440.8624679512336,634.9370885875852
s10_r5_t093,0.6284173473168577,221.50703808312912,-274.18894482943307,352.48396472327465
s10_r5_t094,-0.19478713371757492,-45.63738090142447,229.8058431350991,234.2936108274732
s11_r0_t000,0.354916454899897,87.83174479403951,-231.36071397292292,247.47160516638252
s11_r0_t001,0.3168647818817216,172.42685017890332,-516.1249478903746,544.1653981074687
s11_r0_t002,0.5214182924401051,227.4316409242379,-372.19195883399306,436.17886871577844
s11_r0_t003,-0.9918902297869566,-226.45670625318678,-29.01740351229087,228.3082335651459
s11_r0_t004,0.470420885078631,127.46789348126481,-239.11150341660021,270.96563423190383
s11_r0_t005,0.9321320741560994,167.4613818954671,65.05608313771096,179.65413543684497
s11_r0_t006,0.764054020148798,128.008042365973,108.08748754857142,167.53794756690593
s11_r0_t007,0.7260321322502843,51.4832824541114,48.76235140875323,70.91047374796302
s11_r0_t008,0.7185210823249463,197.74101817232253,191.4069129725668,275.2055896988914
s11_r0_t009,0.2843116468194874,53.005246293489236,-178.73985088390043,186.4336086349036
s11_r0_t010,0.7978323866479781,241.72629799380795,182.65965417029457,302.9787986038014
s11_r0_t011,0.8461915056599283,235.32759662254708,148.1947207110666,278.1020549704285
s11_r0_t012,-0.646591741499971,-89.95060657117077,-106.121958500296,139.11499451338844
s11_r0_t013,0.6755384158170211,62.27466034384143,67.97045127825348,92.18522423854186
s11_r0_t014,-0.5143163754646756,-73.1491001571174,-121.97299157296533,142.225882057573
s11_r0_t015,0.8206262304786284,100.05543599770243,69.6763126631306,121.92571024611938
s11_r1_t016,0.10280413264694019,15.894157795735211,153.78705194777365,154.60621461902159
s11_r1_t017,0.9833873405782645,122.63947075053824,22.63752816918651,124.71125637881626
s11_r1_t018,0.18329810512878814,29.05411468196217,-155.82191492582345,158.50744698941804
s11_r1_t019,0.9717444811827798,362.1196960050231,-87.95833995327511,372.6490893617027
s11_r1_t020,0.9999669369327335,84.87120624052118,-0.6901725978867717,84.87401243570352
s11_r1_t021,0.10863993374261662,23.300587683788834,213.2059048416878,214.47534880673996
s11_r1_t022,0.21129183354763983,69.02888815650157,319.3233890463649,326.69927179621766
s11_r1_t023,-0.9075268278421997,-59.390477275224654,27.485304219452264,65.44211747043961
s11_r1_t024,0.826921508620783,180.57084073070746,122.79051667264352,218.36515176861272
s11_r1_t025,-0.1617950586539253,-32.27302556622159,-196.84042728691946,199.4685488835145
s11_r1_t026,-0.4561136525169433,-111.18930028558542,-216.94100162415117,243.77542674291038
s11_r1_t027,0.40318816165805454,155.67136558666854,-353.32765725981506,386.10103269523586
s11_r1_t028,0.5735310663670637,204.30272734298632,-291.8089299088097,356.2191123091337
s11_r1_t029,-0.01365135833410158,-4.051192002632817,-296.73343829060525,296.76109171588956
s11_r1_t030,-0.3562824825717179,-154.87667970269416,-406.17603877392077,434.7019213090787
s11_r1_t031,-0.6880965518977884,-192.78460741373863,-203.297343242179,280.1708668384307
s11_r2_t032,-0.36157294859475064,-90.5042724382522,-233.37226864145345,250.30708959283612
s11_r2_t033,0.796668099083847,52.710892869337655,-39.9907578585848,66.16418170873689
s11_r2_t034,0.7629723918231334,98.10180740674977,83.11710500998421,128.57844983398957
s11_r2_t035,0.8462257281579144,14.819743535592977,-9.331225864598935,17.51275462618345
s11_r2_t036,0.5888107036394524,131.30584833257961,-180.24588256003645,223.0018026523213
s11_r2_t037,0.9316493124092274,76.04806499663574,29.66000952614172,81.62735053168976
s11_r2_t038,0.8866109023763025,83.91097324580916,-43.773624728165984,94.64238824597152
s11_r2_t039,0.35733907771631684,27.21077807640488,-71.12062605580685,76.1483413745386
s11_r2_t040,0.928212343452391,145.35113356104557,58.26039183582314,156.59254543031273
s11_r2_t041,0.15864743567026676,22.076019159078697,-137.38912872020114,139.15144020960764
s11_r2_t042,0.9176431625576782,307.5452187150196,133.18915858509695,335.1468536613097
s11_r2_t043,0.9830277967495443,169.97697896784317,-31.72179985932297,172.91167099230043
s11_r2_t044,-0.4284476243616583,-124.50974721110713,-262.58250670480095,290.6066929338528
s11_r2_t045,0.01595156489601767,2.1092039334158557,-132.20869451150338,132.2255181334857
s11_r2_t046,-0.02672092029359005,-11.786096746912655,-440.9237475692693,441.08124336346054
s11_r2_t047,-0.9976598069005362,-257.3872320777368,17.639697636644854,257.9909807907071
s11_r3_t048,0.6202020209346661,149.1917024243857,-188.7002181207933,240.55339613300293
s11_r3_t049,0.8863639238892496,324.5380363265807,-169.52134450103236,366.14535810815727
s11_r3_t050,0.6785043946992854,46.58525499934579,50.436457306703545,68.65873731001031
s11_r3_t051,-0.9067058098822388,-114.39079319619215,-53.21006841401846,126.16086932436114
s11_r3_t052,0.3873425410293309,92.60913884466908,-220.42424553040172,239.08847863332525
s11_r3_t053,0.9898662256092208,333.1892892454515,-47.79825939376882,336.60032095790274
s11_r3_t054,-0.596679364253967,-263.29559961282007,354.1087516970077,441.2681506792525
s11_r3_t055,0.981333969463123,500.17974671825505,98.01986466508701,509.6937049798632
s11_r3_t056,-0.330152606513946,-33.77523489504043,96.565572265211,102.30188775933142
s11_r3_t057,-0.2313735335962948,-102.38511234261085,-430.5025285483715,442.510043180887
s11_r3_t058,-0.614948723495802,-156.3659391222781,-200.5127095500162,254.27476007004933
s11_r3_t059,-0.5917590142886017,-48.960600946961534,66.6958510257083,82.73739776625251
s11_r3_t060,0.9571527155111956,643.1009166658872,-194.56821817354185,671.8895597787864
s11_r3_t061,-0.47204641502085853,-143.80347616342928,-268.5612219326033,304.6384245012749
s11_r3_t062,-0.36918086646188564,-110.76524496213585,-278.8349233328743,300.02975512700715
s11_r3_t063,0.9994921579792819,309.4211935161921,9.864948790449745,309.57841044172153
s11_r4_t064,0.6978232204028785,211.96165854162564,217.5648196674893,303.7469266489191
s11_r4_t065,0.9272285420080804,141.02489864208113,-56.95818635214343,152.0929223518792
s11_r4_t066,0.9961423735780625,417.90610908673165,-36.814011718041456,419.5244777969306
s11_r4_t067,0.9518676516356958,248.10080271929883,79.89053148408644,260.64632230432534
s11_r4_t068,-0.5177417520444664,-95.79695584134402,158.29867959664818,185.02845378619662
s11_r4_t069,0.7295737373318986,432.68736265387344,-405.600977586354,593.0687201491668
s11_r4_t070,0.9987940687273699,269.27989109462635,13.236503326902266,269.6050162149379
s11_r4_t071,0.8311290724070712,177.80030344374654,-118.95999774630363,213.92622319035343
s11_r4_t072,0.9914399563665911,99.05445730952225,13.044553037105942,99.90968860336737
s11_r4_t073,0.19811234339055533,25.410006140019533,-125.71837833923843,128.2605904566314
s11_r4_t074,0.986859243702544,224.40908047864542,36.743366437040976,227.39725235454765
s11_r4_t075,0.6303216698580136,159.0197824191985,195.8563083521972,252.2835403311127
s11_r4_t076,-0.8119950494115189,-47.94299552204939,34.4615597760186,59.04345790875862
s11_r4_t077,0.5322194172133228,190.54643647513683,-303.10401713609974,358.02233122727745
s11_r4_t078,0.9080885404140076,60.4271708240131,27.866867918582756,66.54325887260255
s11_r4_t079,0.24465961152094048,78.69231411941475,311.8650357807615,321.63998638851524
s11_r5_t080,0.9934702386353849,120.1408165683699,13.797145715650146,120.93046363763592
s11_r5_t081,0.9496927122731672,79.35806200595557,26.17016639219164,83.56183108534712
s11_r5_t082,0.6821956120643672,196.24266096075303,210.33071342450745,287.66332924204875
s11_r5_t083,0.8594879561363514,235.32604184331984,-139.95346494014643,273.79795163294546
s11_r5_t084,0.9036817943592552,273.0456046070461,129.38115586430214,302.1479533076638
s11_r5_t085,0.6848340281893324,236.16374705981966,251.29053008495666,344.84814909712503
s11_r5_t086,-0.3449236699143691,-84.25948748286932,229.2928894148482,244.2844456102058
s11_r5_t087,0.7008787632690743,70.18192392868042,71.42375383668275,100.13418526384552
s11_r5_t088,0.3607215542275636,64.02165260662314,165.53294816427834,177.48219327707443
s11_r5_t089,-0.25716134114657296,-50.65630917370099,-190.35777471071827,196.98259834797122
s11_r5_t090,-0.12006768063663334,-14.600219608082853,-120.72022452089979,121.59991373755452
s11_r5_t091,0.9485744862108093,301.63063714644875,-100.65882066141909,317.98308043403875
s11_r5_t092,0.6326477924935453,121.94565363291927,149.27665973544168,192.7544126128654
s11_r5_t093,0.914828305263715,76.53586167018322,33.786090913002454,83.66144907171456
s11_r5_t094,0.7678499016704702,140.15751332543513,-116.93571648112828,182.53243637919354
s12_r0_t000,-0.141132306828003,-49.7961588458744,-349.3015697189469,352.833167437422
s12_r0_t001,0.048470893212515034,13.218330062093912,272.3860094581539,272.70654997298465
s12_r0_t002,0.6076629878308419,107.40418748130384,-140.373644701209,176.74959579931243
s12_r0_t003,-0.08466921651503827,-12.964473866511199,-152.56926258495082,153.1190957011931
s12_r0_t004,-0.2934172701322402,-89.03468016921872,290.08439562748424,303.44048981538026
s12_r0_t005,0.8647508585898571,78.64908719592619,45.67518877431155,90.94999607653314
s12_r0_t006,0.895091031286998,574.8284514521187,-286.3468415310761,642.2011073282761
s12_r0_t007,-0.07342846321251746,-20.440840428195386,277.6261304663608,278.377614536686
s12_r0_t008,-0.09038129979746617,-29.599706660460193,-326.1577569909097,327.49812988737295
s12_r0_t009,0.858249277434313,254.2809354352102,152.0599981755347,296.27864784852306
s12_r0_t010,-0.1907908248158298,-46.171800215384096,237.556797160399,242.00220456069462
s12_r0_t011,0.9737290481193324,40.39832592074616,9.447282746874151,41.48826205685431
s12_r0_t012,0.04032477371490517,19.916326293309666,493.4963058324478,493.8980298839979
s12_r0_t013,-0.9326735174335061,-816.4708890033253,-315.7790180566116,875.409104838805
s12_r0_t014,0.7510616326912989,352.1415835058415,309.555390037122,468.85843741478755
s12_r0_t015,0.8847305436385063,168.08871015033876,88.55422379641325,189.98859184748395
s12_r1_t016,0.9713591233732586,414.8421717985524,-101.47968312756048,427.07394393735814
s12_r1_t017,-0.8160564509136402,-335.1033981513647,237.3370732808835,410.63752118642
s12_r1_t018,0.9963843107570844,850.696471065331,-72.5379659777994,853.7834868344573
s12_r1_t019,0.6246850609800021,124.82335563447351,156.03328529287117,199.81805782045018
s12_r1_t020,0.5173372227509664,122.42588488002622,-202.51746576250716,236.64619419615792
s12_r1_t021,0.9290755818080731,388.39641773341566,-154.63104201784657,418.04609370699177
s12_r1_t022,0.9741007847480858,157.0440392420804,36.45402834267051,161.21949771623875
s12_r1_t023,-0.15834074612613766,-35.35918311494605,-220.49353195607966,223.31070163568742
s12_r1_t024,0.7628258088076525,318.0238343642585,269.57071189324074,416.90230022677247
s12_r1_t025,-0.7084895890856573,-218.05629663808526,-217.2042717496267,307.77628916114105
s12_r1_t026,-0.9906069977314187,-637.7928409989925,-88.03861980158399,643.8404356718626
s12_r1_t027,-0.7059729138280694,-327.77046991173677,-328.8224953694789,464.281934181346
s12_r1_t028,0.6881268379932953,241.59007802106004,254.74292825206965,351.08364429671315
s12_r1_t029,-0.9978918338631307,-140.70486179954736,9.150904809566953,141.0021176892868
s12_r1_t030,-0.9188813999400932,-365.97020563020305,-157.13414237964423,398.2779558429005
s12_r1_t031,-0.9408694699155324,-563.6454944689905,-202.94610181764273,599.0687470384095
s12_r2_t032,-0.09458770038832771,-15.043157592187299,-158.32620970777683,159.0392570115137
s12_r2_t033,0.8567430944554989,79.1499955069721,47.646825802480635,92.38474872946095
s12_r2_t034,-0.6045291179509686,-75.5670241671028,-99.57404586277931,125.00146299525608
s12_r2_t035,0.7194911735242692,64.88427141994195,62.63069094481102,90.18077470237839
s12_r2_t036,0.7497959431519571,248.7134641951971,-219.4810789670536,331.70820203383215
s12_r2_t037,0.8656219843837522,64.23468416522304,37.154998873078995,74.20639184776779
s12_r2_t038,0.8520933856543159,163.2975931330681,-100.30390193448972,191.64283619884353
s12_r2_t039,-0.6764184206041103,-68.51651436996477,-74.60414240069967,101.29309356887794
s12_r2_t040,0.3435425587039664,164.23199118925035,-448.9585164286343,478.054281859065
s12_r2_t041,-0.8892853636984547,-322.66570452002895,165.94453785097966,362.8370798526273
s12_r2_t042,0.925395055455152,649.2579923921516,-265.9095051967305,701.6008877125636
s12_r2_t043,-0.999839482072907,-219.12198676357627,-3.9265851074862894,219.15716541747668
s12_r2_t044,-0.337633349375113,-57.798237871433116,-161.1339427920144,171.1864008055048
s12_r2_t045,0.22852601936867972,54.495943527936404,-232.1567645117717,238.46712806920422
s12_r2_t046,-0.8747574401841143,-129.39413817864113,-71.67628175530474,147.92002015027953
s12_r2_t047,0.9034374817799746,122.26950030247889,-58.022125322728954,135.3380867722917
s12_r3_t048,0.3683417002565925,181.03883915347572,-456.9400789277279,491.4969959343762
s12_r3_t049,-0.8347136531322448,-298.12071113294496,196.67867248445742,357.15327048294165
s12_r3_t050,-0.24770535424191098,-154.844534130728,-605.6343377567358,625.1158139258694
s12_r3_t051,0.09820348551149512,41.0825083708109,416.31852396805937,418.3406338057318
s12_r3_t052,0.9753281562247268,305.32210536214285,69.10793512611367,313.04551541296127
s12_r3_t053,0.9507344324817005,516.538746839688,-168.42808141322496,543.3049747565866
s12_r3_t054,0.668129855949269,519.4104094397555,578.427309965656,777.4093685751926
s12_r3_t055,0.9583883661395262,499.8634887640314,148.8903933673699,521.5667326780333
s12_r3_t056,0.721496311482695,163.3817221099901,-156.7970466030016,226.44845096191293
s12_r3_t057,0.9829321212355585,645.3789197429646,-120.79110293275966,656.5854404388728
s12_r3_t058,0.9509804815029883,410.32828193888975,133.43532915534868,431.47918376871587
s12_r3_t059,0.8318618600906832,110.44769026734406,-73.6859869563246,132.77167227657716
s12_r3_t060,0.22590047217686277,147.62802578529548,-636.6161924251621,653.5091510110436
s12_r3_t061,-0.9863669112035658,-161.01683821818784,26.863318873639727,163.24233547302893
s12_r3_t062,-0.06722666261031543,-43.29110540368529,-642.5005721460329,643.9573782596583
s12_r3_t063,0.25533065896394747,108.81947109395097,-412.0637868900752,426.19038205402586
s12_r4_t064,0.24196370501760284,33.14893636961502,-132.92872045784256,136.99962301041575
s12_r4_t065,0.577368534257238,242.85334767077492,-343.43020040735695,420.6210301764994
s12_r4_t066,0.21030613167329315,70.94752796771559,329.80887070017644,337.35358737866636
s12_r4_t067,0.980360597120488,60.335735096697874,-12.137382500009416,61.544430971538226
s12_r4_t068,0.9318988454360702,260.1199575165766,-101.24517365919735,279.1289621083893
s12_r4_t069,0.7565523847012193,114.73299098823802,-99.17052817857262,151.65240809273084
s12_r4_t070,-0.9093000199262447,-164.2190659507076,-75.15485848570998,180.5994307181779
s12_r4_t071,0.4068167786467335,104.03327603581988,-233.6074113679271,255.72513597370323
s12_r4_t072,0.059961885735600184,25.54468612371808,-425.2488463734936,426.01538978204354
s12_r4_t073,-0.8470039345775972,-118.36077498637623,-74.28419370267639,139.74052558020645
s12_r4_t074,-0.5133796430426405,-67.52697537580377,112.87759151724279,131.53418973840198
s12_r4_t075,0.896647098668181,266.75928263779815,-131.72026481328152,297.5075512250297
s12_r4_t076,-0.9306220881815316,-287.12450924088284,112.91617470232421,308.5296522479219
s12_r4_t077,0.5173266109059991,177.60957267789294,-293.81080682525385,343.32193421645866
s12_r4_t078,0.13557178735621847,53.96484025603188,394.3785968400685,398.0536165259654
s12_r4_t079,0.9636443136418822,697.8570561712197,193.4939084892382,724.1853101730266
s12_r5_t080,-0.553249115038275,-93.73417658566564,141.13362903422936,169.42490107585783
s12_r5_t081,0.9865442811540375,169.53668292830025,-28.096335192637483,171.8490352303092
s12_r5_t082,-0.9948972707386451,-183.84229394646687,-18.643554737701137,184.78520280790016
s12_r5_t083,0.9098906966237298,234.22352206107416,106.78994318557719,257.41940535296345
s12_r5_t084,-0.8498309658709732,-107.79357023858586,-66.8523258053429,126.84118909236328
s12_r5_t085,-0.9936762859161542,-259.8680494688603,-29.364417868369088,261.5218388041393
s12_r5_t086,0.46072385604632254,94.84485371652045,182.710176049185,205.8605224622544
s12_r5_t087,0.04668979437031102,34.975611780950146,748.2891955313246,749.1061430587581
s12_r5_t088,-0.5577417203580473,-212.3534865246417,-316.0181132307521,380.7380347812596
s12_r5_t089,-0.998717295587153,-314.55546229687434,15.947537788502501,314.95946218889196
s12_r5_t090,0.2774826900122392,154.39652184781974,534.5683680978601,556.418570978282
s12_r5_t091,-0.7298802227814003,-463.2234506028108,-433.83556286307623,634.6568055201936
s12_r5_t092,0.9946083724970498,415.43520491729305,43.31516219294852,417.68721881388075
s12_r5_t093,0.529289730466363,92.79430680104502,148.74746974417621,175.31854759260668
s12_r5_t094,0.5322449450328128,383.3691659786614,-609.7881465515698,720.2870963011716
s13_r0_t000,-0.8267432642570244,-390.99468632042476,-266.0627105830664,472.9336218684562
s13_r0_t001,0.9259213882098054,206.32392022441894,-84.1668668216793,222.83092587733574
s13_r0_t002,-0.4344515778873411,-176.19034153481974,-365.27383335142565,405.5465568604935
s13_r0_t003,-0.9667929719993734,-309.4286162417135,81.79397577553945,320.05674969047465
s13_r0_t004,-0.7106419925563855,-106.06891204786845,-105.0109444520316,149.25787268256946
s13_r0_t005,0.42326570471120517,142.2517359751237,-304.49164119224105,336.081412672407
s13_r0_t006,-0.6383385082423882,-418.98336951426415,-505.24112675524765,656.3654927663691
s13_r0_t007,0.771578195968229,328.0883747826206,-270.49537114695624,425.2172709091564
s13_r0_t008,0.9919422251315357,345.5399586158234,44.13242914927889,348.34685918325874
s13_r0_t009,0.9802991038542404,453.7198410050226,91.41922849491095,462.83816767875544
s13_r0_t010,-0.7973126318324,-257.1780237557103,194.68404680097947,322.556063315664
s13_r0_t011,0.6979386838449678,583.8710047178758,-599.1122436318442,836.5648992276954
s13_r0_t012,0.9609437297792013,155.96183613859108,44.915716437921446,162.30069597772064
s13_r0_t013,0.8190881711378363,223.9167321962245,-156.8253445149334,273.3731728602192
s13_r0_t014,0.7983798499350554,477.37058136707094,-360.0424968669406,597.924135242019
s13_r0_t015,-0.11831814630266903,-59.637977570992945,-500.5070366794099,504.0475990760817
s13_r1_t016,0.7943077090295795,301.3950854430009,-230.51800801715996,379.44373700114386
s13_r1_t017,0.8792657425294693,212.93474838915236,-115.35481907282339,242.17337044950966
s13_r1_t018,-0.8081779167737003,-330.8465767590027,-241.0957463305965,409.3734435107607
s13_r1_t019,-0.8326057223200334,-353.59403711813036,-235.21789779529544,424.68364994279665
s13_r1_t020,0.9976589636481819,286.2516219801743,19.621427507910084,286.92331990224983
s13_r1_t021,0.8185578615854557,460.8775794180869,-323.42146279353983,563.0360430787607
s13_r1_t022,0.5171836149800716,340.13121603113444,-562.8748007842338,657.6604636715736
s13_r1_t023,0.8469423931623158,417.4554177116403,-262.06580941060963,492.89706251796434
s13_r1_t024,0.966853444317679,363.23244531920125,-95.92442165590882,375.68511283066186
s13_r1_t025,0.8871456490024164,267.8373519392867,-139.32789620212532,301.9091084315932
s13_r1_t026,0.8010240091323626,324.8492081567864,-242.7707546365126,405.5424112800941
s13_r1_t027,0.7524648666882245,529.8639847701094,-463.7898695462452,704.1710626333503
s13_r1_t028,0.804902616056842,192.3972742416936,141.84309084472238,239.03174173322174
s13_r1_t029,0.9908091983175751,540.9377855329136,73.84971198724804,545.9555547641693
s13_r1_t030,0.8558269993672106,430.3020545636838,-260.07472589041043,502.7909319077857
s13_r1_t031,-0.0007271027610951953,-0.4189258875612154,-576.1575931738538,576.1577454749587
s13_r2_t032,0.8784848522394935,349.9036594534254,-190.29758005495262,398.3035775305939
s13_r2_t033,0.911806495019019,265.9030640940531,119.74597600292803,291.6222526891593
s13_r2_t034,0.8876290021580431,402.6983138900101,-208.94585816856684,453.6786347797921
s13_r2_t035,0.9999999698292448,381.8176633312582,0.09379163652825184,381.8176748509858
s13_r2_t036,0.9757370727520451,303.6124013007965,68.12756598842323,311.1621048121748
s13_r2_t037,0.9977217774399174,347.17624224679327,23.47502818928959,347.9689930569849
s13_r2_t038,0.6601396518021231,365.66011872715944,-416.0680203439216,553.9132783933513
s13_r2_t039,0.3223441420088699,75.52676358936135,-221.7981601098714,234.30474994418577
s13_r2_t040,-0.9715038038479121,-158.2503352788319,-38.609340992396305,162.89214170035902
s13_r2_t041,0.7224738290818404,260.7157269481737,-249.50163596405758,360.8652887530966
s13_r2_t042,0.6135310455119151,87.75919785014793,-112.95411847777632,143.03953889884062
s13_r2_t043,0.8888582061469664,305.5606195503695,-157.50823877807545,343.7675631920162
s13_r2_t044,0.8134889251943762,307.85941305959494,220.09519352736882,378.4432750403265
s13_r2_t045,0.7232067687335352,158.52344767153434,151.383121342111,219.19519358085842
s13_r2_t046,0.9036879716778083,191.5583379648332,90.76547944394547,211.97398213587095
s13_r2_t047,0.674963012259242,360.92940606939794,-394.55840144199544,534.7395331505528
s13_r3_t048,0.705137222410058,61.105854593351324,-61.44673696653126,86.6581037723413
s13_r3_t049,0.9640632623760225,230.1504287220295,63.42395426531641,238.72959141167004
s13_r3_t050,0.8492524128797851,366.5317523195103,-227.87574182868528,431.59341882422683
s13_r3_t051,0.9990385869257715,154.66637293121767,-6.7870217164937685,154.8152143023374
s13_r3_t052,0.986412239168314,515.0778771471649,-85.78731652229627,522.1730395209299
s13_r3_t053,0.9978737155207543,349.2432327991169,-22.811146703431632,349.9874055875492
s13_r3_t054,-0.03186595936941257,-2.5588702298996395,-80.26027653799532,80.30105732061658
s13_r3_t055,0.9208455960892089,348.07170144214865,-147.38920291837366,377.99138413692157
s13_r3_t056,0.9534673616725918,231.18786734719004,73.10399748615185,242.47066720945287
s13_r3_t057,0.3347238031784864,131.12695585079533,369.14932356854194,391.7467315011174
s13_r3_t058,0.9935993545730001,355.6887699005181,40.43800109724732,357.98007342041353
s13_r3_t059,0.8331667905097747,396.85024464486105,-263.4128421681873,476.315485884942
s13_r3_t060,0.9030400345031103,247.93966907414358,-117.9394780298102,274.5611042710528
s13_r3_t061,0.047118958770410016,13.844479372280887,-293.4933721479621,293.81972211523123
s13_r3_t062,0.5417367407560472,434.40774763216666,-674.018632842288,801.8797968657393
s13_r3_t063,0.9982120174387507,360.6712403829444,21.59688630643994,361.3172693596377
s13_r4_t064,0.6351105580541345,325.14072043853787,-395.4360335432791,511.94349757735256
s13_r4_t065,0.9951812477435459,486.8742921213782,-47.970377500296536,489.2317788596873
s13_r4_t066,0.9353849023869316,164.692480115928,62.26358038451727,176.06920925884396
s13_r4_t067,0.8996669871740991,280.1694022731087,-135.9563772148473,311.4145636855426
s13_r4_t068,0.11284224399143128,31.02643556428069,-273.19792695790704,274.9540816171354
s13_r4_t069,0.12430064988631016,26.956222742460014,-215.18122799091205,216.86308774020992
s13_r4_t070,0.8859536991400082,376.6659085835713,-197.17479763723668,425.1530401071743
s13_r4_t071,-0.33141672017375345,-113.76210902276964,-323.86049753987976,343.26001706590733
s13_r4_t072,0.8554535347954897,389.31328122162995,-235.68479966205683,455.0957654464561
s13_r4_t073,0.46682915601044667,114.98552328386978,-217.82521771776106,246.3117862357694
s13_r4_t074,0.9812271902340555,401.68423673468504,-78.94906560270714,409.36924774666096
s13_r4_t075,0.808184255703293,257.5031699621085,187.64442309392098,318.6193843111008
s13_r4_t076,0.5650048182499804,73.91169554526338,107.93469695050246,130.81604467408619
s13_r4_t077,0.3549003111151792,64.27156756104955,169.30882656387155,181.09752386266825
s13_r4_t078,0.8901327755823321,104.1959285076251,-53.34284682784292,117.05661376131137
s13_r4_t079,0.9989522386945697,124.74253510326974,-5.714815683600023,124.87337259114933
s13_r5_t080,0.6141202195903129,319.55387166686575,-410.66211306799386,520.3441630370744
s13_r5_t081,0.9590867122124528,318.42961399528025,-93.99713057347113,332.0133726602429
s13_r5_t082,0.943159937449338,334.15542197552645,117.74560754877638,354.29348587389046
s13_r5_t083,0.9991358804694237,115.8603094169477,-4.819679906947286,115.9605131611459
s13_r5_t084,0.9850964530699617,605.3540617186854,105.69789341413389,614.5124772626635
s13_r5_t085,0.854332710860654,198.87837466540867,-120.9860716820018,232.78796672207338
s13_r5_t086,0.3092943057216479,5.254031615388154,16.154217095188244,16.987159214358662
s13_r5_t087,0.5348377041171709,84.07985455127732,132.83221610238988,157.20629623534788
s13_r5_t088,0.9903845383426161,438.45470237945267,61.24553679903178,442.7115785886518
s13_r5_t089,0.9946281895464303,385.3984669527691,40.10888003426729,387.47993572202927
s13_r5_t090,0.9465619381348749,677.5576840705755,-230.86425750995318,715.8091370181745
s13_r5_t091,0.9707748920996612,339.74846584766385,83.9915393791947,349.97656883444074
s13_r5_t092,0.9632328015092156,273.0045316596353,-76.1473445938274,283.4252853846811
s13_r5_t093,0.9526872036142316,484.4037080211834,154.5477817376439,508.4603909693441
s13_r5_t094,0.8557527742488306,422.8336934225311,-255.64368248547885,494.1073007840254
s14_r0_t000,-0.3577216042611441,-50.27418280666281,-131.24019636303277,140.5399679745415
s14_r0_t001,-0.29623294892790364,-57.795089755113835,-186.34321065702198,195.10013981996255
s14_r0_t002,0.2017722445527611,13.240612728395519,64.2719024332007,65.62157623683098
s14_r0_t003,0.9861689076406791,141.58930713717217,23.79663125433865,143.5751077124424
s14_r0_t004,-0.828325449723932,-109.26695903416278,73.90393502314038,131.91307724588174
s14_r0_t005,-0.7783320286486056,-178.94359002631666,-144.3474587344131,229.90649676464037
s14_r0_t006,0.998323902611283,263.2315217177682,15.259805257118245,263.6734641224578
s14_r0_t007,0.9999107325245596,94.77844660085157,-1.2664856939311164,94.78690798883252
s14_r0_t008,0.20567823789377615,9.668205016970667,46.00144244515923,47.0064558894358
s14_r0_t009,-0.06825206628702554,-4.217025588950719,-61.64197178549408,61.78605012801444
s14_r0_t010,0.9683551637263849,441.65451384060793,-113.82853832737678,456.0873224871865
s14_r0_t011,0.9653374838895764,243.04359398814228,-65.71335178392997,251.7705963399052
s14_r0_t012,-0.7821126666577461,-293.4594312010247,-233.80959104122059,375.2137559094706
s14_r0_t013,0.9636322034464117,256.52217160979626,-71.13808500015877,266.20340280487693
s14_r0_t014,0.2966571991182319,96.9680905040605,-312.15483246553833,326.86916343942875
s14_r0_t015,-0.46731485990411864,-20.43258328806599,38.65544128801712,43.72337591031933
s14_r1_t016,0.9947804272644086,241.55620214015477,-24.777414555957876,242.8236377794656
s14_r1_t017,0.18362493585000547,60.74730542632856,-325.19756125442325,330.82274553359235
s14_r1_t018,0.5328119249243135,116.15984590249434,-184.48981724462476,218.01284931637923
s14_r1_t019,0.6831308585507236,195.68782448030422,-209.1986203383044,286.4573046743343
s14_r1_t020,0.7921776744454898,122.20410799731339,94.14555894981467,154.2635092346601
s14_r1_t021,0.5649867467383972,138.3438382843279,-202.03570929374587,244.86209470039915
s14_r1_t022,0.5310439831777689,84.03814600541155,-134.09292364877982,158.2508203982032
s14_r1_t023,-0.16809518844987098,-19.590241932283718,-114.88423921415495,116.54255016422363
s14_r1_t024,0.6909444259260493,187.4087715593918,196.07839981033737,271.2356660352447
s14_r1_t025,-0.8083993654480157,-164.9738217023235,-120.12536374521362,204.07465511912525
s14_r1_t026,-0.3399408911535645,-93.43013400161695,-258.47455594279097,274.8422929779605
s14_r1_t027,-0.40135605350444026,-71.18499136646473,-162.44904539218612,177.36120022337528
s14_r1_t028,-0.16693001923977882,-71.70671311098089,423.5342351793257,429.56152187331315
s14_r1_t029,-0.6798323311999727,-185.7170198096702,-200.34181132592786,273.1806230543065
s14_r1_t030,0.7719758767806403,93.53856536228372,-77.02048961978383,121.16773098191389
s14_r1_t031,-0.10785868431394008,-28.798280186389093,-265.44249069810064,267.0001063851942
s14_r2_t032,0.8015120461330213,42.17671887897065,-31.46649713267027,52.62144104066389
s14_r2_t033,-0.3447171483404288,-16.976196361237072,-46.22824163231405,49.246741692328165
s14_r2_t034,-0.815751221142374,-48.75950416635135,34.572599054728016,59.77251753061281
s14_r2_t035,0.8536766817994426,129.57689542443603,-79.05109962571217,151.7868511428757
s14_r2_t036,0.9577181589762876,58.72452280073258,-17.64143071659109,61.31712367603395
s14_r2_t037,0.9857369696664439,36.54675640196465,6.239568504531292,37.0755663291511
s14_r2_t038,0.9370354761375198,7.045158622663475,2.6257386164681975,7.518561252028332
s14_r2_t039,-0.5859881234292659,-37.21740436863176,-51.46519615196439,63.5122161705795
s14_r2_t040,0.891677301526787,106.76893298941532,-54.202641603029235,119.73943130165891
s14_r2_t041,0.9618445942860965,260.6343899857487,-74.13736557661147,270.97349357065076
s14_r2_t042,-0.9621361057448148,-149.13250355807628,-42.24866593964086,155.0014625452902
s14_r2_t043,-0.01024537960555539,-0.8411011952261518,-82.09135065519916,82.0956594687897
s14_r2_t044,0.8795449222133435,118.37237438125297,64.03703931811987,134.58365956268966
s14_r2_t045,0.9990824623295308,126.3107015156246,5.414596747831524,126.42670277797662
s14_r2_t046,0.669141470825303,214.18002615657986,-237.8640240830346,320.0818294708522
s14_r2_t047,0.7994688925359352,74.73597621469187,56.15535662014463,93.48203152423791
s14_r3_t048,0.4335836277600807,96.94135448208849,-201.47242973894498,223.5816766949744
s14_r3_t049,0.4186271644133735,178.36917800195744,-386.9491603338238,426.08123209564775
s14_r3_t050,-0.2528501194447916,-36.98735999617555,141.52839976291455,146.28175805252695
s14_r3_t051,0.8213612896376078,75.46929600495938,-52.41093485849615,91.88319069462979
s14_r3_t052,-0.11607935761707695,-21.987789705005675,-188.13983315824956,189.4203255116133
s14_r3_t053,-0.08269470018526616,-4.841473958304192,58.34583775318773,58.546363279116186
s14_r3_t054,0.6526735318729074,57.612792982873145,66.87832765648619,88.27199230455673
s14_r3_t055,-0.14023636998488065,-12.528108532348142,-88.4528488554105,89.33565902838792
s14_r3_t056,-0.9463708586841407,-79.57052014334232,-27.164646433067432,84.0796389842131
s14_r3_t057,0.5721981052100477,119.409772675303,-171.14666562273447,208.68606796848616
s14_r3_t058,-0.986085810528459,-160.55395992369455,-27.066635398872606,162.81946075022734
s14_r3_t059,0.6365852071216767,47.43569910332229,-57.46711230441454,74.5158677466023
s14_r3_t060,-0.12311466604310403,-27.077019304004338,-218.26018334424484,219.93333673605008
s14_r3_t061,-0.4636347023628229,-82.75966313626142,-158.15738083359807,178.5018738124932
s14_r3_t062,-0.5002950895721454,-180.58994498006268,312.54494408459226,360.96685485061226
s14_r3_t063,0.9483668622933523,60.109044166318995,20.103102062756328,63.381636955305005
s14_r4_t064,0.9034817179516834,40.238709575988864,19.08990742758641,44.53738108527034
s14_r4_t065,0.9643420623571574,101.6544289072955,-27.898564880686536,105.41324792866536
s14_r4_t066,-0.35216274467331193,-65.20198436856126,-173.28654627377782,185.14730860882707
s14_r4_t067,-0.2179473684124472,-20.845880280087513,-93.3471066509282,95.64639587957042
s14_r4_t068,0.8472584017288589,100.23913575438283,62.84401448196064,118.30999320849641
s14_r4_t069,-0.8975737009717523,-51.60959238444368,25.349265288412724,57.499002397874285
s14_r4_t070,0.6504228952369365,128.02281457735106,-149.50670189326783,196.8301170128933
s14_r4_t071,0.3019494170449017,26.990851731200067,-85.21634378390831,89.38865322328597
s14_r4_t072,-0.21861129382051286,-48.289280728715326,-215.5481532709747,220.89106141223613
s14_r4_t073,-0.6720553890615579,-89.35486454820806,-98.45521210391217,132.95758951205056
s14_r4_t074,0.7069043440224114,68.60650348083594,68.6457917342648,97.05203265614797
s14_r4_t075,0.46306686165616073,29.18797172885786,55.8666210844882,63.03187324713099
s14_r4_t076,0.4029483251468474,89.7650677595238,-203.8847795918216,222.77066848909342
s14_r4_t077,-0.6499497261626306,-34.77177709482128,-40.65815698717989,53.49917954442015
s14_r4_t078,0.3803966130534572,125.18877591539606,-304.3600071102908,329.1006586796379
s14_r4_t079,-0.027672637851393955,-8.365069515076783,-302.1709049386386,302.286668874808
s14_r5_t080,0.4974737880724118,76.90918783259174,-134.11180167652157,154.5994777545886
s14_r5_t081,0.15674063294909443,15.579724932815353,-98.1695436771063,99.3981244025936
s14_r5_t082,0.13962397087350734,25.78210816977301,182.84512256230218,184.65388148235928
s14_r5_t083,0.0487916977445001,7.05136398845454,-144.34762406729183,144.519750580915
s14_r5_t084,0.211112717464048,46.93440266024662,-217.30847225891853,222.31916307097623
s14_r5_t085,0.9998208562645914,98.75673808531963,-1.8695664437681216,98.7744329061933
s14_r5_t086,-0.8090527108811474,-62.778783136443806,-45.60562743822302,77.5954178165608
s14_r5_t087,-0.7488197782486357,-70.88039431341285,62.73560146887186,94.65614607454715
s14_r5_t088,0.4156102593516978,31.28228959630887,68.45976670446106,75.2683286623037
s14_r5_t089,0.9999240197170518,219.61381331673428,-2.707383972136924,219.63050090433705
s14_r5_t090,0.1798033200182883,40.15388207784399,-219.68157983564984,223.32113819566743
s14_r5_t091,0.21444216091397425,59.94802581843379,-273.05001964132265,279.5533563126265
s14_r5_t092,-0.2875623507465269,-26.148647347505886,87.09129901987177,90.93209622060267
s14_r5_t093,0.9528757860675434,282.0358888244551,89.78989302354873,295.9838973224401
s14_r5_t094,0.9999463831942541,69.46845503724226,-0.719400228440108,69.47217991361744
s15_r0_t000,-0.9353258074066887,-436.84099358823136,165.23537122135357,467.0468730029265
s15_r0_t001,-0.9986790474247088,-441.8192857055559,22.731802474609935,442.40367998595167
s15_r0_t002,0.9974874606574758,420.2463000770687,29.84660375385633,421.30484507551705
s15_r0_t003,-0.844737551630603,-145.8619406638445,-92.41036726960384,172.67131120462938
s15_r0_t004,0.3351601863432021,43.396730759879866,121.99156049758335,129.4805663923395
s15_r0_t005,0.2759882656161821,1.3235707829257137,-4.609488091333365,4.795750210504994
s15_r0_t006,0.27530267744520115,74.18451290216278,-259.05249440418737,269.46527941752106
s15_r0_t007,0.9540305915489877,36.21788543068237,11.377868932725079,37.963023147798765
s15_r0_t008,0.21339817962459467,16.06248446973883,73.53619485821415,75.2700163515715
s15_r0_t009,-0.6816544766091788,-20.91173876388428,-22.446240465253027,30.67791598451405
s15_r0_t010,-0.9839803560478212,-105.47926880256273,19.11066482982183,107.1965188677369
s15_r0_t011,0.8423889260957875,152.11072994176257,-97.30411852335634,180.57066662396528
s15_r0_t012,0.15123803190299936,24.02297691784655,-157.015066195078,158.84216830627852
s15_r0_t013,-0.9999203243946044,-108.32589874748327,1.367527089239502,108.3345303667755
s15_r0_t014,-0.7893271792772873,-96.21106176414162,-74.83712320844174,121.88996437729794
s15_r0_t015,-0.9687908720700351,-232.4426971578411,-59.473908206788614,239.93072587603564
s15_r1_t016,0.9745694686445907,383.9372998948251,-88.279818321195,393.9558053555653
s15_r1_t017,-0.6751471770336682,-274.1053493364272,-299.49450773790693,405.9934761791327
s15_r1_t018,-0.9993461356821818,-352.36184488419445,12.748548794725636,352.5923924683637
s15_r1_t019,-0.9443530143765295,-382.3481847098676,-133.17816983377435,404.87844999605085
s15_r1_t020,-0.1795760457094839,-40.10075172363868,-219.6778392367866,223.30791150459575
s15_r1_t021,-0.06438757244425412,-10.19006891615836,157.9330265872755,158.2614242054365
s15_r1_t022,0.2760805465689052,36.62627659062555,-127.50908589954916,132.6651842942662
s15_r1_t023,0.2309170825058165,60.99915764071088,-257.021088114453,264.1604379319767
s15_r1_t024,-0.9227443017258202,-201.6795929755289,84.2377215943979,218.5649833852401
s15_r1_t025,0.4820386236374733,258.69948738194535,470.2103448014957,536.6779230879754
s15_r1_t026,-0.8674220526910406,-436.04135831205105,-250.12327793029436,502.6865030227226
s15_r1_t027,-0.4447216101042505,-66.95174456836514,-134.84074244363148,150.54754040998935
s15_r1_t028,0.7609995615122032,131.05655887789058,111.72576238661736,172.21633954356622
s15_r1_t029,-0.9847121542694931,-257.2684823320649,-45.50919951749806,261.2626250388054
s15_r1_t030,-0.9987365662511173,-541.1130820662536,-27.226455034625985,541.797607448568
s15_r1_t031,-0.010232878055420795,-1.265206044783156,-123.63479709228952,123.64127061134302
s15_r2_t032,-0.9883805448619649,-104.69260571928754,-16.100318050873412,105.92337765400741
s15_r2_t033,0.9790970702703631,101.29285025683404,21.042152754468958,103.45537059861036
s15_r2_t034,-0.8541783397803907,-3.701562740852644,2.253322387285266,4.333477645668604
s15_r2_t035,-0.6642321856663383,-96.29944298531852,-108.37530922434307,144.97858589720963
s15_r2_t036,0.32564752564605365,40.984637213655276,118.99557803361492,125.85582258715357
s15_r2_t037,-0.8836257191443952,-26.64065476050517,14.115697971457635,30.14925231726054
s15_r2_t038,-0.42008086722199833,-60.854640136226706,131.46224771054943,144.8641080434333
s15_r2_t039,0.9191900859495096,164.03083006187654,-70.27671766909882,178.45147871937192
s15_r2_t040,0.2722927852057145,25.121674203057346,88.77369921870232,92.25978640630589
s15_r2_t041,0.6933420726310106,533.8057337179855,-554.7983074003913,769.9024115071572
s15_r2_t042,-0.202931216392022,-120.59268889962468,581.889362886092,594.2540090365599
s15_r2_t043,-0.5834251065572326,-138.37906756642104,192.63295865300387,237.18394359644586
s15_r2_t044,0.7156605650825117,125.24836230654428,122.23602015610916,175.0108479039974
s15_r2_t045,0.9999558368224468,791.8298642856182,7.442030013256783,791.8648355529489
s15_r2_t046,-0.8223301485960764,-212.77151200995453,147.22706913565187,258.7422002868419
s15_r2_t047,-0.9167290452683502,-573.5493287536192,-249.95217389537612,625.6476018884365
s15_r3_t048,0.4824977765900028,407.1269431286034,-739.0735556766292,843.7902989023617
s15_r3_t049,-0.03786235736722326,-17.51771659605575,-462.33665777017745,462.66840773153933
s15_r3_t050,-0.38638320595926184,-105.82144558444259,252.60719208830557,273.8769282731191
s15_r3_t051,0.9856743599424713,438.0027687452556,74.94703008246404,444.36863384659773
s15_r3_t052,0.7275651662232996,198.85084239577134,-187.50120985960535,273.31000936724524
s15_r3_t053,-0.5820544479917091,-307.55265090610135,-429.66148898972114,528.3915481915229
s15_r3_t054,-0.6870458421667995,-205.52775786050202,-217.36447852924528,299.1470805096648
s15_r3_t055,-0.7055150271694252,-67.13168654170977,-67.43426586452277,95.15273800906371
s15_r3_t056,0.6498222534911557,118.87509723742416,-139.04620999045886,182.93478962711777
s15_r3_t057,-0.2814031291265603,-114.39862087485527,-390.10131786807375,406.5293134086112
s15_r3_t058,-0.3920906947329421,-36.470221409973874,-85.56674769128543,93.01475882975033
s15_r3_t059,0.9999566546799137,476.5192914294525,4.436910937572975,476.53994720599803
s15_r3_t060,-0.9946753441237872,-336.22109968327743,-34.83577636077118,338.02094489378914
s15_r3_t061,-0.9947175772214636,-241.79043563286925,24.951497256403798,243.074457685025
s15_r3_t062,0.21132765577408613,114.02217100004219,-527.3659585086752,539.5515820320951
s15_r3_t063,-0.9677522215247892,-561.7559412089057,-146.2239811229387,580.4749694336053
s15_r4_t064,0.8238627313945583,213.83388408621454,-147.11039799474423,259.5503788892798
s15_r4_t065,-0.987049606211356,-245.52001412433168,-39.90191716262174,248.7413120671047
s15_r4_t066,0.8717039915879877,51.55638840211012,28.982684402761148,59.14437572803765
s15_r4_t067,-0.04589861802578821,-3.9857699444869894,86.74704217871671,86.83856107056606
s15_r4_t068,-0.9853881964692323,-74.88645520537133,12.944060900198018,75.99690708057877
s15_r4_t069,0.6473135942803007,126.47928703868456,148.9317121687352,195.3910564466167
s15_r4_t070,0.9366872965997723,18.605289827045084,-6.955317989752981,19.862861271401176
s15_r4_t071,-0.9039539933215398,-164.39781182816495,77.77098266295019,181.8652420839387
s15_r4_t072,-0.248653380663382,-90.00866429081924,350.6154630404102,361.9844783557143
s15_r4_t073,0.2714377927430629,21.005503997719266,-74.4806861778284,77.38606988159019
s15_r4_t074,-0.9674048815685963,-340.3909805126184,-89.10312245207294,351.85989547695095
s15_r4_t075,-0.07098332267240502,-23.085577736719557,-324.404994815615,325.22537502593076
s15_r4_t076,-0.9943946121210036,-85.10997831187407,-9.049614899623236,85.58974201432761
s15_r4_t077,-0.9295599892121205,-373.11554800240924,-147.9805966484576,401.3894233105447
s15_r4_t078,-0.39778090556887613,-53.79269151328541,124.07267768121743,135.23196000661514
s15_r4_t079,0.2528662933683339,64.2122245771894,-245.68480711685822,253.93746126398767
s15_r5_t080,-0.6184869856116858,-257.6310394126667,-327.323287705817,416.5504617010958
s15_r5_t081,-0.9262426580292055,-152.03922703397726,61.87126583150496,164.14621559049735
s15_r5_t082,-0.14518016994307228,-91.90711853481542,-626.3485172325645,633.0555927221596
s15_r5_t083,0.7787532600463173,146.83071874815877,118.2805517036973,188.5458800383395
s15_r5_t084,0.9936369520168356,227.04017180913297,-25.735381420912105,228.49409067194813
s15_r5_t085,-0.980393030690069,-166.08994763043904,33.38290003964899,169.41159558583698
s15_r5_t086,0.208774406724862,116.01601863723394,-543.4548773008788,555.700387117508
s15_r5_t087,0.15289270152001305,26.27361639596618,169.82309713375918,171.84349635242114
s15_r5_t088,-0.853983577793233,-52.9663618916761,32.27040509304206,62.02269372503127
s15_r5_t089,0.2867900074005038,12.904307625331136,-43.10555508129411,44.99566683754848
s15_r5_t090,-0.6028023387452778,-174.91988159506826,-231.53015959901538,290.1778416440136
s15_r5_t091,-0.8895724902953999,-234.13118114209647,-120.22598113973883,263.1951681243522
s15_r5_t092,-0.2984247922127307,-34.62722929536914,110.74607906471603,116.03335312263629
s15_r5_t093,-0.8139937238534553,-78.64264721276759,-56.12014142756362,96.61333362679068
s15_r5_t094,0.340412657703039,19.88942892311985,-54.93789688312471,58.42740706918868
s16_r0_t000,-0.6351472841826188,-130.48361431797758,-158.67874713901173,205.4383566890301
s16_r0_t001,0.3832308682341689,44.80674030948171,107.99198351762007,116.91840095225069
s16_r0_t002,-0.8650389531341169,-223.9442741214875,-129.88304775406593,258.88345641559425
s16_r0_t003,-0.15120244687941015,-23.889356344855855,-156.17932474465647,157.9958316673841
s16_r0_t004,-0.999986736188515,-302.5743027255833,1.55842364790621,302.5783160673271
s16_r0_t005,-0.9261221393338207,-354.27313325603336,-144.30089308544453,382.5339209695057
s16_r0_t006,0.9797873580631086,443.596513810108,90.56848592722415,452.7477418029063
s16_r0_t007,-0.21157166648907036,-8.145562470541662,-37.628701999348976,38.500251974724875
s16_r0_t008,0.8584451398411653,370.06043570633824,221.10439479204348,431.0822189229344
s16_r0_t009,0.12546128143233062,38.82064209901189,306.97838412398687,309.4232870556991
s16_r0_t010,-0.9768761715142257,-254.8424932253994,-55.77658650383762,260.8749201348375
s16_r0_t011,-0.5469513778020189,-179.45783766429312,-274.6783618367107,328.10565060730477
s16_r0_t012,0.8599915820603657,348.3260763684203,206.69232526166175,405.03428595649916
s16_r0_t013,0.680905265958621,146.6269385199938,-157.70973841914204,215.34117277469315
s16_r0_t014,0.14005364813437365,199.57444095518048,-1410.9408877196925,1424.9856652337967
s16_r0_t015,0.33367268085986196,43.39739078992157,-122.60591014313017,130.05976599009583
s16_r1_t016,0.42329350161201457,142.89431963516807,-305.84262993520554,337.5773998206643
s16_r1_t017,-0.9367342177933515,-497.69805197575585,185.98118472549655,531.3119159329682
s16_r1_t018,-0.25775229200458183,-46.61860794982097,-174.75465645555016,180.86592979352542
s16_r1_t019,-0.3719078984627566,-97.90154675020926,244.3589755225376,263.2413754988139
s16_r1_t020,0.15630488024266068,18.5981083753324,-117.52362639252293,118.98610169086943
s16_r1_t021,0.8587765964747097,310.81554307124867,-185.43404114754108,361.92828769106075
s16_r1_t022,0.9447565531356492,196.51312443626733,68.17806224777544,208.00398132623673
s16_r1_t023,-0.015138800643503512,-7.646584853806232,-505.04057414609696,505.0984575246154
s16_r1_t024,0.5972630255684416,376.75637287036716,-505.9340954921679,630.8047823850999
s16_r1_t025,0.5699400776067666,116.19795253826533,-167.52333211048318,203.87749011473585
s16_r1_t026,0.27955338888279047,91.24321401017536,-313.37613541669816,326.389225238229
s16_r1_t027,0.5639496923601194,235.94824984266458,345.5063903410472,418.38527982030695
s16_r1_t028,0.15956560562247912,49.90177416767588,308.72818007046857,312.7351535000589
s16_r1_t029,-0.028306793559578096,-12.960867163282785,457.6877804561131,457.8712575129251
s16_r1_t030,0.20826209494001155,26.84769877382554,-126.08636608510858,128.91303519038752
s16_r1_t031,0.7601502969588881,406.67222276872997,-347.6077968773812,534.9892309398444
s16_r2_t032,0.6616078113426078,46.870138893998366,-53.121465002869115,70.84278342918033
s16_r2_t033,-0.01333002855917052,-11.478569278690394,-861.0296197710373,861.1061279980202
s16_r2_t034,0.5001914380242073,153.49430996654604,-265.724264948167,306.87112632887073
s16_r2_t035,-0.23451301879391695,-151.63606963528213,-628.568051961598,646.599793969372
s16_r2_t036,-0.691482618201346,-309.5192738913533,-323.35532581563217,447.61685361876647
s16_r2_t037,-0.5253353997800657,-535.4295203158347,-867.2448743966288,1019.2146208688675
s16_r2_t038,-0.710039695798454,-195.0616614629066,-193.44684860158515,274.71937501121795
s16_r2_t039,-0.20112547128948682,-113.67514526989487,553.6456839995644,565.1951716561963
s16_r2_t040,0.883849597683182,297.61442839153807,157.51034619933108,336.7251952952958
s16_r2_t041,-0.8901285615264667,-156.79082507583536,80.27050341395915,176.14402217018784
s16_r2_t042,0.6008786438507462,439.51022657835904,584.6741659239746,731.4459102119963
s16_r2_t043,0.5245290585472651,81.56443928012433,132.39181787794433,155.50032538907394
s16_r2_t044,0.6438145142026777,305.0337224016119,-362.5363900370137,473.7913104978323
s16_r2_t045,-0.8712597524126326,-453.3612922934747,-255.40005918769555,520.3514692811848
s16_r2_t046,0.539460478193915,122.47244220413145,191.1597570655949,227.02764549900434
s16_r2_t047,-0.6382331765048751,-312.1742241706099,376.547606922921,489.122527099193
s16_r3_t048,0.6533823886590024,215.39419571310725,-249.56204629696884,329.6602410040173
s16_r3_t049,0.02533460155794417,5.358186662074914,211.42889573755934,211.49678039419268
s16_r3_t050,0.7741333120973782,32.856486868444165,-26.86733473022113,42.44293115280789
s16_r3_t051,0.9895274259494867,68.18555684365532,9.946407336309939,68.9071925199333
s16_r3_t052,-0.79683422666046,-26.02250431319817,-19.731512983621087,32.65736265152508
s16_r3_t053,-0.4842628707161613,-404.3694191743654,-730.5782573472334,835.0204891330116
s16_r3_t054,0.6120890431922886,165.22805727144356,-213.4664990875099,269.9412105299472
s16_r3_t055,-0.5225926996137548,-139.91530551831505,228.26445343560817,267.7329890404624
s16_r3_t056,0.7984896140486766,59.11441384171602,-44.56837508729707,74.03278990941561
s16_r3_t057,0.9888915057385346,198.42903556813394,-29.825636397471555,200.65804430177712
s16_r3_t058,0.5620649817294325,98.95147854617585,145.60964554396062,176.0498906046583
s16_r3_t059,0.2620521232766356,58.37042020374433,-214.95949171403913,222.74354992394225
s16_r3_t060,0.4392549009272179,110.41574356872228,225.8218637671785,251.37054438242353
s16_r3_t061,-0.8360158092232888,-138.30169571953246,-90.77206462506928,165.4295220182779
s16_r3_t062,0.977988351625234,476.34052259251894,101.63001619606285,487.0615501717684
s16_r3_t063,-0.31464351761370446,-58.86922662041172,-177.59543828198218,187.09817086613845
s16_r4_t064,-0.809757006444322,-259.71260746708685,-188.19270599442336,320.72906489256104
s16_r4_t065,-0.9730698832357383,-218.0592128683803,-51.65599850796197,224.09409295791838
s16_r4_t066,-0.0035475874998525747,-1.4375900696498505,-405.22778462111603,405.2303346174197
s16_r4_t067,-0.010870883416708763,-2.3249275728443166,-213.8547626928157,213.86740007448424
s16_r4_t068,-0.618686356017957,-269.85453428004917,342.67443616849386,436.17340459374344
s16_r4_t069,-0.11921079725420843,-32.48933442775896,270.5933745755321,272.5368437766406
s16_r4_t070,0.9225255614210087,136.00123023695073,-56.89573455056137,147.4227229297167
s16_r4_t071,0.8775444846745428,337.4259804238135,-184.3714496060796,384.5115390918963
s16_r4_t072,-0.9563161955556204,-131.0041956361237,40.046396815126,136.98836874765064
s16_r4_t073,0.5449439817733017,479.81216759741415,-738.2580581778246,880.4797991089979
s16_r4_t074,0.46435529416340166,130.06018026543788,248.0593432297586,280.08764388001373
s16_r4_t075,-0.6328584700664114,-198.99230564592906,-243.45613070916872,314.4341350524187
s16_r4_t076,-0.1356818254017966,-24.17675063531874,-176.53930554065738,178.18709737817707
s16_r4_t077,-0.6975855613384874,-113.96239971024116,117.05263651836867,163.366913001434
s16_r4_t078,-0.9997421095019356,-468.7087875368277,-10.64681670068937,468.8296942601878
s16_r4_t079,0.5603312402130162,106.03027768723436,156.7314922225869,189.22785323717764
s16_r5_t080,0.9926338736115278,183.01461917361468,-22.33726664909608,184.37273202026384
s16_r5_t081,0.8313162730520591,200.58762563600436,134.10844502577888,241.28918455977714
s16_r5_t082,-0.4304886383124456,-329.2497082856613,690.3305731840585,764.8278699673698
s16_r5_t083,0.932823739131761,96.79481328903286,-37.39009215172044,103.76538377885409
s16_r5_t084,0.9996182739283419,194.47664834848578,5.37505279505919,194.55091350443533
s16_r5_t085,-0.5036557736792948,-215.12462363399493,368.9962961931904,427.1262931475428
s16_r5_t086,0.20789329269255544,116.97125343942471,-550.3573820795364,562.6504440064283
s16_r5_t087,0.19913791106256298,14.005221324716814,-68.92066573402107,70.3292569957551
s16_r5_t088,0.999862047750632,213.08849678416976,-3.5398457197239566,213.1178968774246
s16_r5_t089,0.3136951669510091,258.99886196614517,-783.9635265765514,825.6386749069484
s16_r5_t090,-0.2563947230005388,-36.573900731455666,-137.8784786229254,142.64685444161353
s16_r5_t091,-0.3846943349363455,-176.6711304165737,-423.9085845146966,459.25066831516284
s16_r5_t092,-0.5946735692656104,-289.9769637359874,-392.0335380609357,487.6237632254167
s16_r5_t093,0.36841862260308333,89.1072456790695,-224.8513975015723,241.8641192713796
s16_r5_t094,0.9967228356201254,343.55312162988474,-27.882229395619987,344.6827035081806
s17_r0_t000,0.6050468485846661,215.32572253290073,-283.3502227021847,355.8827271583905
s17_r0_t001,-0.7262738759471212,-505.691879933424,-478.6284725745447,696.2826237883883
s17_r0_t002,0.06071619421159865,20.207259091817235,-332.2009617886207,332.8149821346516
s17_r0_t003,-0.8212200767740625,-256.9743529310137,178.554504457186,312.91776735472286
s17_r0_t004,0.9819942667324645,195.669258743781,37.641788541703036,199.25702763505984
s17_r0_t005,0.9964123352578165,160.86242809891442,-13.663015878009812,161.44162653033808
s17_r0_t006,0.9405972099487437,494.8165419114272,-178.61241672363013,526.0663509074107
s17_r0_t007,-0.6484545663851337,-75.54129365792019,-88.68171566533212,116.49435068216374
s17_r0_t008,0.6219476972716202,235.18119553848405,-296.10319678842217,378.13661272512843
s17_r0_t009,-0.9872873405276384,-491.149686832226,-79.07129345933993,497.47390315947905
s17_r0_t010,-0.40031393128973397,-19.54278382846691,-44.73633569211181,48.818645320446
s17_r0_t011,-0.9998482879937866,-104.2220870579352,-1.8156584676087277,104.23790119904959
s17_r0_t012,0.8777760001668667,502.77952517178363,274.4062628687137,572.7879607966091
s17_r0_t013,-0.6398625971347165,-258.6584049115043,-310.65454719072454,404.2405448759907
s17_r0_t014,0.9821082305302299,262.4320504222759,50.32083654982635,267.2129631584409
s17_r0_t015,-0.5779398772220025,-424.754829157314,-599.7745728945948,734.946394768593
s17_r1_t016,0.10703162249558293,20.023949819529946,-186.00974288607136,187.08442750511716
s17_r1_t017,0.40001367938966226,203.43308313414843,466.1047746985194,508.5653156775665
s17_r1_t018,0.1613777646901621,32.31998851327688,-197.6502837734916,200.27535128727177
s17_r1_t019,-0.17386181771189774,-83.33708973958562,-472.0292921562269,479.3294516089872
s17_r1_t020,-0.9976202889536343,-490.8984156552574,-33.92695954378148,492.0693986387766
s17_r1_t021,-0.1076033533470341,-68.33388144369825,-631.366274757745,635.0534562181626
s17_r1_t022,0.7172366255869326,367.04215425757843,-356.59901214973934,511.7448568068017
s17_r1_t023,-0.09799517729378932,-58.24578370300105,-591.5131939788242,594.3739815723825
s17_r1_t024,-0.6842055157773311,-354.8571638966623,-378.23944624499035,518.6411914459741
s17_r1_t025,-0.19752155260103155,-58.59031737554329,-290.7834719097207,296.62746471970223
s17_r1_t026,0.6443322690362604,346.21736620655116,-410.9187782963714,537.3273741580485
s17_r1_t027,0.745896265393467,231.6204681832176,206.8298630669994,310.52638138767963
s17_r1_t028,0.6653946274317832,220.19929147393339,-247.03680502740127,330.93037183638575
s17_r1_t029,0.9711446729272637,175.73957141306448,43.15765924502365,180.96126798836588
s17_r1_t030,-0.8287338110492074,-128.60906231218698,-86.84955113900793,155.1874203724875
s17_r1_t031,0.2272583633349151,74.93350831699698,-321.1007711488146,329.72827585916383
s17_r2_t032,0.791514728989845,243.77141177615556,-188.22254981010812,307.9808913818496
s17_r2_t033,0.32038837825352917,29.92269848781231,-88.47187824774281,93.39508084195843
s17_r2_t034,0.9357293362121034,245.63294456631166,-92.5902118369348,262.5042681259206
s17_r2_t035,-0.9867669670527648,-203.01599735815728,33.35944529831468,205.73854226648584
s17_r2_t036,0.5184019092959578,220.31826357898632,-363.42906478205043,424.99508514195253
s17_r2_t037,0.9988030745930921,143.34135953658915,7.019564937071124,143.51313405296213
s17_r2_t038,0.7801274943286174,126.5737952440421,101.5054205832379,162.247576407972
s17_r2_t039,0.7289586931243307,132.81103661876153,-124.72149189171434,182.1928154111599
s17_r2_t040,0.10387507993388166,44.05005257849156,-421.7735121452722,424.06756853068356
s17_r2_t041,-0.5084956444009786,-168.98415686618995,-286.150472651952,332.3217390883609
s17_r2_t042,-0.7517123223442881,-353.71010300037756,-310.3164304665475,470.53918432160066
s17_r2_t043,-0.8097873964492709,-303.722992711442,-220.05947987105048,375.06510232586544
s17_r2_t044,0.021675214407187452,4.974993054438343,229.47059072744503,229.52451408225286
s17_r2_t045,0.8116396574509935,235.21198340887517,-169.28825581651245,289.7985346694043
s17_r2_t046,0.04462972837581834,13.087087667420718,292.94481802264244,293.2370001721029
s17_r2_t047,-0.3444561591565423,-24.255546169958805,66.10758570557545,70.41693267831968
s17_r3_t048,0.5227829907339592,109.8665408367575,-179.1517141397343,210.15706858119233
s17_r3_t049,-0.7534644880130148,-137.436887181447,-119.93025368030531,182.40658898720787
s17_r3_t050,0.9849435457150584,109.31379747188882,-19.18664665581059,110.98483557504625
s17_r3_t051,0.3544594459555191,106.2504630688369,-280.29093071268085,299.7535099746509
s17_r3_t052,-0.8673914225702393,-68.35840420477228,-39.21753388493923,78.80917706358433
s17_r3_t053,0.9839719165518785,310.29172943594085,-56.23362159645471,315.3461234171119
s17_r3_t054,0.814837539890564,165.3233166929044,117.6138397655641,202.89113915285247
s17_r3_t055,0.9016715217629465,221.24820893328928,-106.10572589259687,245.37562027101086
s17_r3_t056,0.5828754262781404,22.467271975087428,-31.32065623644546,38.54558103186588
s17_r3_t057,0.6285544839401447,134.04618697536858,-165.86709642473187,213.2610464173117
s17_r3_t058,0.9496860486055795,171.09780057081156,-56.427514848540426,180.16248719461956
s17_r3_t059,0.45948282488545683,145.11937132735963,-280.51775164278627,315.8319821062649
s17_r3_t060,-0.9960291473035152,-175.78282834836256,-15.711936968062368,176.48361880196774
s17_r3_t061,0.839449412118692,199.22944793078176,128.97599190497064,237.33347722282065
s17_r3_t062,0.16646734678426525,54.641573422503086,-323.66202034742787,328.24199146584766
s17_r3_t063,0.4698160018359609,12.980911803141979,24.39058338260959,27.629777939480114
s17_r4_t064,0.2572283139564778,89.0151916089165,-334.4106551614625,346.05518436037147
s17_r4_t065,0.7735097383622154,169.39756315972647,-138.7979105367769,218.99861728748115
s17_r4_t066,0.5046843896235046,97.03957236655773,-165.99412508885732,192.27773706048137
s17_r4_t067,0.6447267474242196,89.1094827441261,105.65167054175751,138.21279030245276
s17_r4_t068,-0.6304647347231352,-302.2147033027944,-372.0818112073939,479.3522724716874
s17_r4_t069,0.7328476332034966,158.85863274539244,-147.48804962734766,216.76897836317454
s17_r4_t070,0.3741630226322603,83.0027435525185,-205.72227633652608,221.83577353151847
s17_r4_t071,0.9488590421202658,75.60390496708236,-25.154585785304,79.67875270297496
s17_r4_t072,0.9977382002755945,403.9325078576046,-27.213760983799133,404.8481933898398
s17_r4_t073,0.5660548001515245,169.7903932874737,247.27235133245273,299.9539854480932
s17_r4_t074,0.2244525128228714,55.868437522871744,-242.55890571342397,248.90983317687696
s17_r4_t075,0.16185662813150706,18.054779262665335,-110.07713606836225,111.54797595311315
s17_r4_t076,-0.9175663551740194,-149.49708381115764,-64.77727765951221,162.9278176648108
s17_r4_t077,0.9330370548158399,380.84832736081546,146.85560397705348,408.1813529217081
s17_r4_t078,0.07402450971458623,21.94595114495688,-295.65532833310147,296.46871326231184
s17_r4_t079,0.03936361939164827,2.649065330554265,-67.24514208032654,67.2973006927384
s17_r5_t080,0.232041802884714,29.31383854748413,-122.8819154491207,126.32998960988168
s17_r5_t081,0.5545899296632602,121.18375738128805,-181.8278383176812,218.5105623083875
s17_r5_t082,-0.6270190205773691,-109.95534445378513,-136.60773341601373,175.36205576752118
s17_r5_t083,0.6500895150778097,235.02879555563783,-274.71358963512165,361.53297369748697
s17_r5_t084,-0.47721836197944195,-89.58361298134211,-164.96580835119616,187.72038152463486
s17_r5_t085,0.6255543786397625,94.95199982894155,-118.42248688552212,151.78856238750987
s17_r5_t086,0.8928617103310061,233.87264448734442,117.95789806304938,261.93602187357993
s17_r5_t087,0.7895240294117819,188.1260935040368,-146.23580243535275,238.2778566526926
s17_r5_t088,-0.7821947590610946,-259.91312637871516,207.0260783505439,332.2869699238348
s17_r5_t089,-0.7381930493117417,-114.82581457336418,-104.93229560021234,155.54984523414657
s17_r5_t090,-0.17543979510270352,-27.614945502018358,-154.96280159266027,157.4041139631542
s17_r5_t091,0.6981554375498589,252.99965014562497,-259.446725718759,362.3829831269586
s17_r5_t092,0.07669776191360346,11.930171966493333,-155.0896664533503,155.54785001330475
s17_r5_t093,-0.9113910044696896,-165.0257828635702,-74.51792265938377,181.07023445946083
s17_r5_t094,0.9727160300931468,44.66362490655983,10.652559345094517,45.916406767022096
